scene_floor,init_x,init_y,init_z,init_angle
00001-UVdNNRcVyV1_0,-11.577584,0.12231609,4.8063526,5.430893688537572
00001-UVdNNRcVyV1_1,-3.103476,4.1223164,1.6388841,2.9576748045511385
00002-FxCkHAfgh7A_0,8.520547,0.10579625,8.6900015,6.212212566677535
00003-NtVbfPCkBFy_0,11.10367,0.12933767,-1.8202419,4.336686276209518
00004-VqCaAuuoeWk_0,10.067051,-0.26091176,-2.140236,2.270380976942764
00004-VqCaAuuoeWk_1,1.551065,0.13908827,-3.0018978,5.7500514228165445
00005-yPKGKBCyYx8_0,-1.8713741,0.007946923,-2.4184825,5.797478602570641
00005-yPKGKBCyYx8_1,-1.8713741,0.007946923,-2.4184825,6.047001979267141
00006-HkseAnWCgqk_0,-4.550916,-0.007398039,3.301533,1.3313821695635324
00006-HkseAnWCgqk_1,-3.518601,2.992602,1.9987932,6.010803801388699
00006-HkseAnWCgqk_2,-3.518601,2.992602,1.9987932,6.074991079124947
00007-UQuchpekHRJ_0,-5.6814175,-1.3193073,1.6377528,4.699280648142944
00007-UQuchpekHRJ_1,7.2322655,1.5289836,0.32084066,1.5594492836753382
00008-VYnUX657cVo_0,-3.2491088,0.15337181,0.7496657,5.358385853363812
00009-vLpv2VX547B_0,-10.1472645,0.1100986,0.97545594,0.7843742422640531
00010-DBjEcHFg4oq_0,-3.0520132,0.101925015,9.782017,0.9274030276643562
00011-1W61QJVDBqe_0,-15.08484,-2.712007,4.0343976,4.238024932423669
00011-1W61QJVDBqe_1,-0.88669735,0.08799291,-0.12959987,1.445823749567611
00011-1W61QJVDBqe_2,-20.457933,3.4879928,1.5571927,1.9009857612541272
00012-kDgLKdMd5X8_0,-0.28219128,-2.466888,1.9661651,1.1399082349433232
00012-kDgLKdMd5X8_1,-4.9120803,0.13311195,1.0683318,0.27140225293289266
00013-sfbj7jspYWj_0,-9.178961,0.13628712,0.6663609,5.186629257401719
00013-sfbj7jspYWj_1,-9.178961,0.13628712,0.6663609,1.075660319532478
00014-nYYcLpSzihC_0,-15.524454,0.011473477,-2.1546495,1.0114557357654421
00014-nYYcLpSzihC_1,-15.524454,0.011473477,-2.1546495,0.5990313704213551
00015-LPwS1aEGXBb_0,-1.624858,0.12857509,0.6066272,1.2070072351361538
00015-LPwS1aEGXBb_1,-9.538084,3.128575,-3.030962,5.475018959416066
00016-qk9eeNeR4vw_0,-3.1279879,0.08975834,-1.5402794,3.5956395293191927
00017-oEPjPNSPmzL_0,3.2697532,0.014520451,1.1706665,2.8245416918629447
00018-as8Y8AYx6yW_0,10.008074,-2.665283,-3.607695,4.911436972516867
00018-as8Y8AYx6yW_1,14.732698,-0.06528306,-5.1165094,2.108611159780476
00018-as8Y8AYx6yW_2,6.467158,2.734717,-0.8752215,2.2803036980989706
00019-AfKhsVmG8L4_0,-4.4756846,0.12592593,-1.3850782,3.5548883431417457
00019-AfKhsVmG8L4_1,-0.5887816,2.925926,-0.2623083,5.267055142068044
00020-XYyR54sxe6b_0,-4.3363304,0.11707705,-0.42023844,4.488403103376116
00021-yQESfVcg18k_0,-0.60511345,-3.30196,-0.07988791,5.444741846515519
00021-yQESfVcg18k_1,6.214303,0.098040104,0.77472186,4.418952257021428
00022-gmuS7Wgsbrx_0,6.4821105,0.071398646,-0.9260713,1.5800911413376524
00022-gmuS7Wgsbrx_1,6.6359444,4.2713985,-10.431018,2.453554153384054
00023-zepmXAdrpjR_0,0.6229885,-0.27249485,7.937983,5.545326999112083
00023-zepmXAdrpjR_1,0.22858658,0.12750515,5.6911354,5.094663214814953
00024-XNoaAZwsWKk_0,-5.691828,-2.6327398,5.5029383,0.06913273361784453
00024-XNoaAZwsWKk_1,-3.4456937,0.16726017,1.350569,1.9416734666894915
00025-ixTj1aTMup2_0,1.3078127,-2.792084,-3.4658864,1.9661480419214656
00025-ixTj1aTMup2_1,-3.7423625,0.007915974,-3.1781282,4.246972533177418
00025-ixTj1aTMup2_2,1.8802505,3.2079163,-3.4003215,3.8388548549463253
00026-tzaZQQmUVXZ_0,4.0005302,0.030465677,0.4519479,5.313410431964465
00027-cVppJowrUqs_0,-3.4118438,0.07349701,-1.4464768,5.671820608948603
00028-xGnehmjiCSA_0,18.711082,-0.015441984,-1.0866683,1.797481857449001
00029-4wCTuaUNWEd_0,9.91088,-1.6599838,-2.5245793,3.1240211748691125
00029-4wCTuaUNWEd_1,8.130456,1.1400163,-1.9827299,1.860319390095591
00030-LPEMkRVudUm_0,6.032025,0.06316152,-5.511137,2.525083972197017
00031-Wo6kuutE9i7_0,3.3735437,0.17635944,0.27659184,4.055840547197216
00032-jTTGECZYKRA_0,1.080466,-1.429979,0.6032069,4.528622988835057
00032-jTTGECZYKRA_1,8.831876,1.770021,3.3129227,2.204006590215858
00033-oPj9qMxrDEa_0,1.8951778,0.13368353,5.9502616,5.982093301816283
00034-6imZUJGRUq4_0,0.86341584,-2.4899135,2.0673714,4.3427203675419
00034-6imZUJGRUq4_1,-2.6508427,-1.4899136,-2.5614052,2.52055250490788
00034-6imZUJGRUq4_2,-0.5227922,0.11008644,2.8931022,5.274060794439494
00035-3XYAD64HpDr_0,1.3087387,-2.961581,-1.5008274,3.512811944365713
00036-41FNXLAZZgC_0,9.4111185,0.11140156,-3.2735093,3.6334630264552685
00037-oKFJo8jpzRW_0,1.2961874,0.0024396926,7.820901,0.7861648339633884
00038-aJg466zMSNt_0,8.656054,-0.6202939,0.14224789,6.102415587472643
00039-ANmWrL7Kz7h_0,2.3142595,-2.513236,-3.51969,2.530508402476988
00039-ANmWrL7Kz7h_1,-0.27306265,0.08676386,0.39017826,5.277343203998938
00039-ANmWrL7Kz7h_2,-0.7345946,2.686764,1.8129134,5.223338455767599
00040-ZB8o8rMmPdB_0,5.2616115,-2.8670826,5.1996965,4.7968593822658105
00040-ZB8o8rMmPdB_1,0.022105187,0.1329174,6.9974155,5.603828252450913
00040-ZB8o8rMmPdB_2,7.432087,3.1329176,7.0920515,5.554068069040915
00041-QKfBMSSy7Hy_0,4.9972396,-2.9578657,3.074495,1.5270231578217863
00041-QKfBMSSy7Hy_1,2.0299776,0.042134285,2.8471444,3.025319801506283
00041-QKfBMSSy7Hy_2,7.0003934,3.2421343,2.352017,0.8504345039189474
00042-qDjhFcNqFPi_0,1.6799649,-2.4343584,-0.3034306,2.724410973649024
00043-Jfyvj3xn2aJ_0,-7.0591526,0.08946733,-4.124879,4.363353780685697
00043-Jfyvj3xn2aJ_1,-7.0591526,0.08946733,-4.124879,4.398194043508052
00044-kuxpR2xHUBa_0,3.9416337,0.086312994,-4.1733704,3.829363527079398
00046-UQ5EhY5wve1_0,-10.541242,-3.021883,0.3311184,5.051136322182655
00046-UQ5EhY5wve1_1,-7.47127,0.17811704,0.13759792,6.24721477996233
00047-u9LiqMn6kA6_0,-8.4233885,0.13793099,6.5731487,0.14239795578897382
00048-aKwZ7VJDAjr_0,-1.1711806,0.15329,3.1396136,2.321362743871376
00049-e3YKRHQRPNe_0,12.205704,0.06792179,3.0939019,2.7394784009410147
00050-wrq3kiEU4VR_0,0.36174607,0.063275725,0.24176314,0.37251451438422306
00050-wrq3kiEU4VR_1,14.631866,3.4632757,-2.3517532,1.752240923291641
00051-CETmJJqkhcK_0,4.8203335,0.018329531,-1.6476469,2.192471668926185
00052-H1D2FZ8TAv1_0,4.0019217,-3.0985017,-1.8945874,3.211293832360765
00052-H1D2FZ8TAv1_1,7.0278263,0.101498365,0.04964742,2.6875742795873485
00052-H1D2FZ8TAv1_2,6.067162,3.3014982,1.6942043,0.8021111355271272
00053-kAMF2R7PCqX_0,0.7675932,-2.859088,0.66968936,4.0114547695707365
00053-kAMF2R7PCqX_1,0.85257345,0.14091206,2.3019338,3.2385620401513626
00054-6BReaxZUoMg_0,-3.2392588,0.1730856,-4.3510113,4.246768624899658
00054-6BReaxZUoMg_1,-3.2392588,0.1730856,-4.3510113,4.21129037621133
00055-HxmXPBbFCkH_0,-2.6372476,-2.7635574,3.0710292,1.2966115694646805
00055-HxmXPBbFCkH_1,-4.9701004,0.03644252,1.0849378,2.0876637728588623
00056-kdw2Uapns3b_0,3.3296504,-2.5172894,5.0035934,0.9661795573102976
00056-kdw2Uapns3b_1,2.5357866,0.082710505,3.909792,0.3134738530281575
00056-kdw2Uapns3b_2,-0.18564336,2.8827107,4.425264,5.857918361021975
00057-1UnKg1rAb8A_0,1.0878059,-2.7990632,1.4377263,5.905769618124549
00057-1UnKg1rAb8A_1,4.792634,0.049961742,-0.6743267,5.931511063004285
00058-1hovphK64XQ_0,6.683325,0.12848704,0.73062634,3.6728179335686595
00059-kJxT5qssH4H_0,0.48728824,0.060756847,-3.6063216,0.9545754054729126
00059-kJxT5qssH4H_1,4.4007382,3.260757,-3.4688687,0.9413285425405045
00060-TgWKHxhJAng_0,-0.3540901,-2.6206741,-0.022239417,1.5206068783323752
00060-TgWKHxhJAng_1,-3.170288,0.17932582,-4.1930394,1.3905266681625459
00060-TgWKHxhJAng_2,-2.712957,3.1793258,-2.8834338,2.389971306428592
00061-duthTPisf28_0,-13.216545,0.11785281,-0.5618551,0.7691669372165075
00062-ACZZiU6BXLz_0,10.642902,0.08928397,0.23607074,0.8591827729490172
00062-ACZZiU6BXLz_1,11.218323,2.889284,0.31647313,1.9605045624499602
00063-KsD3yx9nZCv_0,5.390332,0.20407501,-3.2227583,2.6992160817261213
00064-gQgtJ9Stk5s_0,-10.776295,-0.01658678,2.0599065,5.159292894086313
00064-gQgtJ9Stk5s_1,-10.116022,3.1834133,5.4967775,0.34271137294884946
00065-kZhZfAhdnNN_0,-0.042213768,0.16139174,4.408376,2.2511771128892426
00066-nHHVbEyHX3t_0,-0.38053846,0.08287701,-0.3162216,3.7403182128143233
00067-osQy15y8EVT_0,-6.655158,0.13909599,4.5037355,4.5696496902171235
00068-812QqCky3T7_0,38.57873,0.06778088,-11.294545,2.1213506905186215
00069-Y8Y6ukxGMvn_0,-4.3413515,0.1088891,5.54401,3.6773534765521245
00070-w7QyjJ3H9Bp_0,0.023010537,-1.5522546,-1.4606674,5.198895786162038
00070-w7QyjJ3H9Bp_1,1.7611091,1.4477454,0.00902465,5.5131922807245415
00071-GCEb4nmNi7j_0,-16.40646,0.117762,-13.495525,2.4623191610422817
00072-t8wCA6Qe8uT_0,-1.4792967,-1.172673,-4.3330503,4.5240240518814225
00072-t8wCA6Qe8uT_1,5.9693465,0.050603032,-7.00665,4.1584963376770965
00073-bCFcvb4zc3N_1,-0.76982105,0.025584936,0.17160082,4.824174427469438
00073-bCFcvb4zc3N_2,1.6091446,3.0255852,7.058402,3.964735439790325
00074-kHvNo8x6Qoe_1,-1.7556031,-0.06659675,0.9169016,5.2495449621823855
00074-kHvNo8x6Qoe_2,4.7023816,0.1334033,1.701895,6.094366286933619
00075-u3zrj4Nojev_0,10.996867,0.1428186,5.96275,0.6043896769768561
00076-fJ1GEE6PdHD_0,2.977593,0.042586043,2.1776142,4.803214853768211
00076-fJ1GEE6PdHD_1,2.1082783,3.042586,-0.52577585,2.3044340425700036
00077-z9VLaZqCsW5_0,1.1806498,0.15028325,-0.88628685,0.6707041009788012
00078-nJTPfwbAj4S_0,3.4668963,-2.4288526,2.4611382,0.42971205626524
00078-nJTPfwbAj4S_1,2.9008331,0.17114735,0.25158453,3.96224378284824
00079-2ihrkjrbHVf_0,-5.4779367,0.11857702,1.9682492,5.003237125059777
00080-gPf8XzHACGn_0,-4.7756596,0.023907855,1.0322361,5.440621288628232
00081-5biL7VEkByM_0,0.1121587,0.07283497,-0.05164817,2.2743411245586125
00081-5biL7VEkByM_1,-2.4902854,3.072835,-0.8790608,3.8975154559089886
00082-y4YiUQwvWGH_0,-6.390094,0.17831254,3.280326,2.3714579258536213
00083-16tymPtM7uS_0,-0.48989993,0.08349535,5.560109,0.24252516433928134
00083-16tymPtM7uS_1,1.1365972,3.3604531,-8.385654,5.206218022338299
00084-CtZLhCbWFm7_0,-3.8887215,0.017872006,-1.3172112,0.5329864239646924
00085-KWoYKrff5L4_0,2.6635172,0.15779102,3.0394585,5.025672423116666
00085-KWoYKrff5L4_1,8.66113,2.9577909,0.44442105,3.2498229547542143
00086-315QujoX279_0,-10.788042,0.17486802,2.3256366,5.544268098460705
00087-YY8rqV6L6rf_0,2.9412389,0.021085855,2.76328,6.18818344660113
00088-z9w4aD7JsiQ_0,0.9225388,0.14019242,-4.222082,3.67491578473691
00089-Am8wmPcBmtN_0,-7.208559,0.30506703,8.762713,4.594033293918529
00089-Am8wmPcBmtN_1,-7.208559,0.30506703,8.762713,3.675394985058168
00090-C8VQQtzUoqV_0,8.873249,0.08457519,-2.8078837,2.281196913958585
00091-SA759ShSs44_0,-5.938233,0.09860082,3.525556,5.363194477620565
00092-1mCzDx3EMom_0,-7.1205664,0.04120618,2.7553205,0.19117269575860826
00093-HneuS3CYDFG_0,4.869467,0.12282902,-0.6886573,4.20129767261873
00093-HneuS3CYDFG_1,4.869467,0.12282902,-0.6886573,4.445323361449991
00094-WT4QWwXrMzs_0,5.030163,-2.6388266,-3.0457306,2.818503023102145
00094-WT4QWwXrMzs_1,4.2981277,0.16117334,-2.0748324,1.4692497870244232
00094-WT4QWwXrMzs_2,3.7626088,2.781823,-6.9580355,3.5291598890495512
00095-HsYeeztxPG6_0,6.2913833,-3.0550442,-0.050130054,1.3206213525936639
00096-6HRFAUDqpTb_0,-2.7939596,-2.6071408,-4.4209075,3.8653484121323656
00096-6HRFAUDqpTb_1,3.0899994,-1.2071408,-1.2509762,4.334165272061195
00096-6HRFAUDqpTb_2,-0.66122746,0.19285917,-1.5011427,6.245710288227246
00097-rPwrKEnR3fk_0,5.7717686,0.12233701,0.9133204,2.014861127281126
00098-MVStfLiYYQv_0,-2.8938541,-3.0760548,-0.36631608,3.314477757317172
00098-MVStfLiYYQv_1,-6.305976,0.123945236,-0.11226931,5.038677544210956
00099-226REUyJh2K_0,3.8192456,0.17153186,1.4733899,5.200361891620665
00099-226REUyJh2K_1,3.8192456,0.17153186,1.4733899,2.1649044768251375
00100-y3K5dmhuukt_0,-5.2176223,-2.625493,1.288981,6.269006302733731
00100-y3K5dmhuukt_1,-8.650745,0.07933998,-1.7083254,4.2104115828470565
00101-n8AnEznQQpv_0,1.7469995,-2.266568,2.5824485,0.4452445983682619
00101-n8AnEznQQpv_1,0.41968882,0.12079072,-0.9314802,4.88355858827186
00102-r77mpaAYUEc_0,5.079893,0.14289272,4.0466495,0.6840450112957823
00102-r77mpaAYUEc_1,4.218948,-0.05710733,9.728837,2.8945053690061893
00103-gUqgeUmUagL_0,-14.274698,-0.0712467,-4.961689,3.0911689813668746
00104-KJxdMPgweZG_0,0.8413723,-2.550389,0.22000054,2.7553905710157074
00104-KJxdMPgweZG_1,0.6375415,0.049610853,6.235483,2.9337152059514215
00105-xWvSkKiWQpC_0,-7.9837728,0.016809389,0.5347291,4.548286978184819
00106-ZVScmfktNQ1_0,3.4513547,0.14157224,6.3960857,6.0682917297453125
00107-Y6WjWkVEUks_0,-5.1723714,0.1018118,-12.944052,3.4089823944563213
00108-oStKKWkQ1id_0,0.83285576,0.039113134,4.6244,3.2581422580734847
00109-GTV2Y73Sn5t_0,-5.64732,-2.7005503,-1.0646015,3.760840730673935
00109-GTV2Y73Sn5t_1,-0.6492605,0.099449635,0.13330904,1.6684648626485572
00110-ikChNYDHtRf_1,1.4959127,0.1477111,-3.681625,5.407243335571633
00111-AMEM2eWycTq_0,-5.0267644,0.14227314,-9.0124035,2.3614090954701723
00112-r38SGhq8aJr_0,1.2444867,-2.7939067,-3.4773617,4.883256313492214
00112-r38SGhq8aJr_1,4.0072775,0.0060932636,-2.1393566,1.666186511086989
00112-r38SGhq8aJr_2,4.0072775,0.0060932636,-2.1393566,0.46867898958835946
00113-3goH1WRaCYC_0,5.532531,0.14910427,0.79857594,0.2825168099225185
00114-Coer9RdivP7_0,9.795008,0.13515899,5.145139,0.9127737822898916
00115-NBWrHFXBF5p_0,17.839037,0.11450282,7.854742,1.998308238829093
00116-xp4FyfQ6Wr5_0,-2.8144665,0.10891616,3.1232948,5.962564231041804
00117-2NwLiyeKcrK_0,-8.349861,0.085312836,1.069556,2.303449858600631
00118-F5j7ZLfMm1n_0,-8.5309,0.006926298,0.7461174,4.367367176626551
00119-k17yptqNRAn_1,13.145414,2.496348,-1.2336539,2.601955319441587
00120-eAUmfFLZDR3_0,-4.9034033,-2.6691556,-1.4744298,4.271627481659758
00120-eAUmfFLZDR3_1,-2.8211246,0.13084435,-3.1082187,1.7363341828930403
00120-eAUmfFLZDR3_2,-6.889512,3.5308444,-2.6667917,4.664226328841826
00121-D2PqRE5ZvyQ_0,0.19293308,0.18454576,-5.8503737,2.0036609582004647
00123-C3ifY177Ldq_0,3.6327634,-3.2583392,0.003582269,5.144231062396821
00123-C3ifY177Ldq_1,5.590206,0.34166074,1.2924615,5.317992508558819
00124-GZRLndzSrdn_0,1.4293891,-0.8283707,-10.570462,1.7757980038077306
00124-GZRLndzSrdn_1,-0.15609205,0.17162931,-4.858887,5.739746345199545
00125-6acdNdTjNbr_0,-6.778322,-0.015022319,-3.175825,2.683935172746418
00126-dioA6agn1cP_0,-0.18817355,-0.050915286,-0.04453515,0.8926360721347121
00126-dioA6agn1cP_1,-0.5156881,2.7490847,7.097551,5.644804040986093
00127-EN7GiDgxdQ2_0,13.996619,0.10556507,-2.29972,1.5170612523029665
00127-EN7GiDgxdQ2_1,14.590858,3.5055647,-3.7192085,2.4597507472884637
00128-pAjDzi9kWjE_0,-1.0871062,0.10509898,0.35724658,2.9231342438834855
00128-pAjDzi9kWjE_1,-5.990982,1.505099,-4.696652,4.219575195636156
00129-nd6Vw5SHCoy_0,-3.4832134,0.1267869,2.1316268,2.821170778748983
00130-MjzBosUX3WW_0,7.9480214,0.060794055,-2.1773794,1.5551657928013125
00131-bZsfeA9uRk7_0,0.34021202,-0.09865302,-1.7974925,1.8767034242128569
00131-bZsfeA9uRk7_1,0.34021202,-0.09865302,-1.7974925,2.0290832663630285
00132-sWAdxSLVPQC_0,-2.9238148,0.10427685,3.0402422,0.6465208081037143
00133-P3kZKzwnEbM_0,0.24412365,0.13375899,0.4438316,4.84294582468384
00134-Mre6deDcPCP_0,7.638471,-0.3434561,-6.6960583,5.180709873023041
00134-Mre6deDcPCP_1,4.207776,0.056543946,-0.2339959,2.6092349417365033
00135-HeSYRw7eMtG_0,-0.4480107,-2.600993,-3.8335261,1.6154842707992525
00135-HeSYRw7eMtG_1,-1.2944424,0.030472249,-5.11401,2.195940995991863
00135-HeSYRw7eMtG_2,5.7313924,3.199007,3.3290153,0.5822808502571357
00136-z8SrvZ4eyqV_0,4.494069,0.2327132,3.70561,4.936367102082449
00136-z8SrvZ4eyqV_1,4.494069,0.2327132,3.70561,4.635920505836404
00137-2tqbn5VLQoq_0,-3.4921021,-1.1673031,-1.9238157,4.286161268578285
00137-2tqbn5VLQoq_1,-9.621151,0.032696843,4.424609,1.0664760668758917
00138-jAzZDvf6i67_0,7.156334,0.11850396,1.370398,2.8828354845405086
00138-jAzZDvf6i67_1,5.1764183,3.118504,2.7240703,5.368141857600577
00139-Dj6sJyU7qmd_0,-10.072853,0.11690521,6.1720724,4.676961382868832
00139-Dj6sJyU7qmd_1,-8.481927,2.9169054,-0.57492137,0.835114498392243
00140-qWb4MVxqCW7_0,5.590701,0.042481422,4.6360025,6.163719022409603
00140-qWb4MVxqCW7_1,-3.8136086,3.088943,2.6779509,2.7121385891179473
00141-iigzG1rtanx_0,-0.39119792,-4.15477,0.7383269,3.2482424629047633
00141-iigzG1rtanx_1,4.6524396,1.6452303,1.8232032,4.654620379016056
00142-DwDDvGo9QdA_0,12.864439,0.16040303,-5.550793,1.1639063858544862
00143-5Kw4nGdqYtS_1,-0.42222223,0.0418427,2.7386525,0.5747841241987732
00144-7CXbc73tDRf_0,1.5973357,0.12469125,-1.7105354,4.319071104948808
00144-7CXbc73tDRf_1,2.553804,2.9246912,-3.5647001,2.615771430525127
00145-U8F9SkAsqbJ_0,0.9478276,-2.429599,-1.9887185,0.021561755297552877
00145-U8F9SkAsqbJ_1,0.3950811,0.17040086,-1.7009342,5.441666973566908
00146-BLhX6Do8f1t_1,-0.91121286,0.554407,-5.9311857,1.9846513662435408
00147-TZ2jsvNG2nt_0,-3.3359518,0.11978379,1.4938984,4.504372325738613
00147-TZ2jsvNG2nt_1,5.0824285,3.5197837,1.6623027,0.7427505886487394
00148-csHQLLFPE3g_0,-3.1653233,0.069814116,0.041303292,6.165969810305442
00149-UuwwmrTsfBN_0,-2.942513,-2.9413035,-8.646681,2.332417470431153
00149-UuwwmrTsfBN_1,-0.04183513,0.05869651,-9.35201,5.49927332641691
00149-UuwwmrTsfBN_2,3.4713993,3.2820594,-12.747846,3.1452942138338873
00150-LcAd9dhvVwh_0,2.1049643,-2.6278577,10.489965,4.54478142028214
00150-LcAd9dhvVwh_1,12.852489,0.08689117,6.860503,1.2246147772563845
00151-D8bT1ambLFc_0,-4.4205546,0.047332406,-7.0545235,3.4400203155976943
00152-EgzWe8N3jZG_0,-4.774073,-2.8414505,-0.68592083,1.0281486827174966
00152-EgzWe8N3jZG_1,-0.2256681,0.15854955,2.490218,0.32373451794345565
00153-28FFMGySc6D_0,-12.206414,0.11489716,-1.8203058,4.671359594933497
00154-2dZ1Jivh5if_0,-1.3064458,0.07807799,0.52281445,4.504840309496485
00155-iLDo95ZbDJq_0,-3.9404788,0.11437657,7.450802,5.176431339506181
00156-iQPq34e8hJX_0,-6.3183265,-2.4700358,9.655075,6.267839165333553
00156-iQPq34e8hJX_1,-2.4207337,0.12996435,5.523075,3.9052714642968405
00157-3PiKdwyfEkX_0,-0.16158335,-2.5725865,1.6478171,5.383046012158918
00157-3PiKdwyfEkX_1,-1.4260588,0.17605853,2.954846,4.737527261767397
00158-YV9M9gZG3YJ_0,-5.3953085,0.0779521,1.8291517,4.094046173629635
00159-DfUQLukPMPc_0,-0.70578194,-2.6592097,1.1353831,2.056075297970595
00159-DfUQLukPMPc_1,3.931169,0.14079022,6.5717397,1.9875059714264707
00160-7dmR22gwQpH_0,5.4080153,0.038896978,1.386723,3.7996727020366956
00161-uFCiZVVks57_0,-13.212174,0.18684712,2.3584187,2.407881679483987
00162-1sM6KvYg3J5_0,-7.6499057,-2.4660566,-5.010291,5.680560329093784
00162-1sM6KvYg3J5_1,1.6616931,0.2580528,-0.85487473,0.3708585484700745
00163-uXh7Yr7x12L_0,-2.4260607,-3.817944,4.615265,2.6539483080508726
00163-uXh7Yr7x12L_1,-7.1226344,0.18205595,7.289449,4.870657592920603
00163-uXh7Yr7x12L_2,-4.6206913,4.1820564,7.351766,1.4182624966541575
00165-N8oi63yAP2b_0,-5.871468,-2.896407,1.4327981,2.8785526245741893
00165-N8oi63yAP2b_1,-4.6888733,0.2226696,3.6299646,1.2528599668796367
00166-RaYrxWt5pR1_0,-1.2043774,0.05840218,3.4254746,5.809019557423726
00167-yogvKWUrdnw_0,-17.881695,-0.052490324,-1.2590661,5.164064573169184
00167-yogvKWUrdnw_1,-0.18818082,3.1475098,0.06611546,2.810749137861377
00168-bHKTDQFJxTw_0,22.037476,0.06208563,-4.694805,4.78253805931057
00169-3KZbo846fxq_0,-5.1685266,-2.7679222,8.035072,5.82157650984531
00169-3KZbo846fxq_1,-1.2348688,0.03207779,3.4386058,0.2114477367792233
00170-S3r45BMWy6H_0,6.4305596,0.016639307,1.6339084,5.717194902681697
00171-mWqBmEyXcXN_0,-0.39709252,0.01862681,-1.3046954,4.948350529399372
00171-mWqBmEyXcXN_1,6.48625,3.2186267,-1.8709066,2.4812145852471295
00172-bB6nKqfsb1z_0,-2.031484,-3.2899492,6.684592,4.198078591844524
00172-bB6nKqfsb1z_1,-6.358799,0.11005092,5.52896,3.7756556821851666
00173-qZ4B7U6XE5Y_0,-6.452389,-2.2346098,2.0204058,3.5487474161031662
00173-qZ4B7U6XE5Y_1,-4.8238263,0.26060015,3.0427217,0.720369508910237
00174-BqLwEyiLbza_0,-0.3346667,-3.5107186,0.9366991,0.7018054039041369
00174-BqLwEyiLbza_1,-9.955017,0.13960886,1.0385823,5.615488180731744
00175-nW7z5USWzWo_0,0.027873017,-2.1950111,-0.1722081,0.15590116167963783
00175-nW7z5USWzWo_1,-8.280472,0.80498886,2.1581607,5.380280416714761
00176-wcJYziD5pmF_0,-2.915986,0.00051501393,-1.5220864,3.5061980240365695
00176-wcJYziD5pmF_1,-2.915986,0.00051501393,-1.5220864,3.173350296760276
00176-wcJYziD5pmF_2,-8.201777,2.800515,1.0402122,4.13013561098253
00177-VSxVP19Cdyw_0,11.780422,0.028199852,1.6867305,0.5423116475669432
00178-yqNxxJnA3iL_0,-7.7304564,0.015852451,0.56866336,4.873289441512519
00178-yqNxxJnA3iL_1,-4.839472,3.2158523,-1.7008613,5.170437664573613
00179-MVVzj944atG_0,6.8959837,0.18171693,3.218162,6.034681296292871
00180-sCCThjhioJC_0,-3.9565632,-2.603796,-3.2538002,5.97124184625411
00180-sCCThjhioJC_1,-1.6171168,0.073157,-4.6733227,1.8197597384435684
00180-sCCThjhioJC_2,-1.6640878,3.196204,-3.9030406,3.712805035566436
00181-qkkRnWghK8e_0,1.4295956,0.03707701,-4.320077,0.2772355222559913
00182-qWP3MMQM3eJ_0,-7.8545303,0.17594606,2.583627,5.340828078136264
00183-kEL17iFsVbw_0,-5.29235,0.0068370104,-2.204674,3.3089177803739243
00184-nzuiinFMXvf_0,2.9708576,-2.627586,2.3481705,5.20124764675897
00184-nzuiinFMXvf_1,0.17567402,0.17241406,1.4317552,3.970575095750748
00185-NjyeoK5BLx3_0,8.168308,0.11541434,-1.2838035,5.495028204968255
00186-7UdY7HiDnUi_0,10.9962845,0.09275885,2.9681935,3.6762870593145665
00187-GCCrNuhZ9WY_0,-5.381834,0.010200933,-1.8875974,5.879012139834379
00188-dQrLTxHvLXU_0,0.4247311,-0.3177868,-0.41220692,5.495837390632523
00188-dQrLTxHvLXU_1,4.085804,2.8822134,-0.83841765,0.7815190044333499
00189-KHhgcNqsc9h_0,3.8361828,-2.8177829,6.3921113,4.011770066966769
00189-KHhgcNqsc9h_1,0.80524766,0.18221712,4.300696,1.8035062804555053
00189-KHhgcNqsc9h_2,0.33572528,3.1822171,2.5050964,6.016288290113
00191-dKySjDYsya1_0,-0.11058075,-3.0449724,0.035113603,1.8691050606724722
00191-dKySjDYsya1_1,-10.837378,0.15502787,0.2773154,0.7835296754827531
00192-MLVm7dZk7dp_0,10.016073,0.18468022,0.48853472,1.5507995231536253
00193-wwX4MFiTTrt_0,-4.4597864,-1.288107,-4.7284684,1.6834476007004757
00193-wwX4MFiTTrt_1,-6.4026318,1.511893,-5.463315,3.8195864219763895
00195-enfahKs8XHw_0,-2.6522002,0.19206583,1.1518798,3.776659118087628
00196-3Y14etT7365_0,5.625609,0.0344698,3.550519,0.9809950927179113
00197-x4LVLSsYWcV_0,1.545918,0.17659464,9.069495,5.323859455521099
00198-eZrc5fLTCmi_0,-4.786271,0.017052129,0.10212043,4.188911513151479
00199-uHnM1oqv2JL_0,-0.60369194,-2.970192,-4.0585775,3.139645497777107
00199-uHnM1oqv2JL_1,0.80402243,0.029808044,-1.9954696,0.8536027581042267
00200-A9yB3w3UxXV_0,4.339841,-2.6200004,6.137209,0.12772921375118054
00200-A9yB3w3UxXV_1,-3.0868921,0.17999959,-0.62876457,4.65390043287026
00201-k7vRbGpz44m_0,5.40588,0.13018304,0.22948022,5.040215222439984
00201-k7vRbGpz44m_1,4.1229367,3.1301832,0.40400183,4.01616061288171
00202-yVbpFay8gTU_0,3.816451,-3.315504,-2.1051002,5.568107813100425
00202-yVbpFay8gTU_1,-2.764595,0.08449578,-4.5803175,3.559441889028594
00203-VoVGtfYrpuQ_0,-4.70152,-1.8477359,1.1605688,5.350956131515242
00203-VoVGtfYrpuQ_1,0.31966192,1.1522641,-0.42553693,5.590286242467802
00204-gxttMtT5ZGK_0,3.2513342,-2.8554008,-3.3828917,3.0078322616851274
00204-gxttMtT5ZGK_1,4.2718687,0.1445992,-8.374967,5.3193099419739305
00204-gxttMtT5ZGK_2,2.821301,3.1445994,-7.1257486,0.8362243122129016
00205-NEVASPhcrxR_0,-6.4834204,-0.00044298172,-3.8320174,0.015173459227633591
00205-NEVASPhcrxR_1,-5.5795245,3.1995573,3.5486255,1.3854305522876387
00206-uhkqDVMtEnn_0,11.121424,-0.010017224,-2.423627,5.505949940772603
00207-FRQ75PjD278_0,3.4679856,0.08834503,-0.70150864,0.5322234259446401
00208-SQqGpSHzfSr_0,-9.699455,0.05562301,4.0972958,1.4457129366098058
00209-C5RbHBQ76DE_0,0.99904096,-2.4209614,3.6281052,4.6986840255834625
00210-j2EJhFEQGCL_0,-9.577599,0.12694469,0.9006263,0.7543913978400368
00212-bAdy4hKf1a1_0,1.6265332,-2.507307,2.402831,2.3004289083661638
00212-bAdy4hKf1a1_1,-4.783045,0.09269285,2.0526795,4.2145100589928335
00213-mkvHBa3mEEk_1,-1.0874736,0.09046888,0.57549405,2.265928312733202
00214-WeyCwVzL53K_0,-0.8485513,-2.7806664,-5.7472234,2.590766688648993
00214-WeyCwVzL53K_1,-0.6858438,0.010966778,-4.1043687,5.747710803183514
00214-WeyCwVzL53K_2,-2.482851,3.0109668,-2.96664,4.210841340334346
00215-zWydhyFhvcj_0,-0.8063605,0.029773235,-0.5282197,1.2490435419182673
00215-zWydhyFhvcj_1,-6.333662,2.8297732,0.15060563,5.741498940095595
00216-6EMViBCA2N7_0,0.6137761,0.14871791,0.23574027,2.8779177715012074
00217-qz3829g1Lzf_0,2.2097433,0.033981383,4.336157,0.4638533727598329
00217-qz3829g1Lzf_1,4.0997105,2.8339813,3.2346277,2.3697426016533947
00218-fQHGxvurx9L_0,2.3353934,0.08454457,3.5877826,4.450733801098093
00219-P6ajptD9tRP_0,-7.950224,-2.513737,4.589361,1.5968441452153486
00219-P6ajptD9tRP_1,-4.811862,0.08626294,8.326038,4.108998566477728
00220-KAzjXJvZtR3_0,3.677599,-3.124625,2.183872,1.7818613258696965
00221-zJEEFaNaRbB_0,-4.755498,-2.4437218,0.9638803,5.729544378206192
00221-zJEEFaNaRbB_1,-4.2863517,0.15627813,-2.400291,3.2047587106219857
00222-g8Xrdbe9fir_0,9.878459,-1.034931,3.1322393,4.239523928073111
00222-g8Xrdbe9fir_1,2.3990116,0.16506898,2.0024254,4.327128251269993
00223-wQN24R38a9N_0,9.102981,-2.8006055,5.749968,2.565559711683436
00223-wQN24R38a9N_1,9.20261,0.12706614,6.7633376,4.074826837211909
00224-8m2Sk2sC3DR_0,5.261831,-0.005096242,0.13761404,0.2362883901430389
00224-8m2Sk2sC3DR_1,3.0845344,3.5949037,-0.89134026,5.441930388141647
00225-EbiLVt7CHc1_0,5.8902373,0.23957859,-1.836638,5.349158505381395
00226-8mXffaQTtmP_0,-1.6393552,0.057804972,-0.10448915,5.795794302386199
00227-bvdRzJBgJyg_0,8.071218,0.039432243,5.4257336,0.10587626879718103
00227-bvdRzJBgJyg_1,2.646638,3.4394324,0.643046,4.710919828006785
00228-d5faFfQRphr_0,15.507893,0.18863764,1.8765235,0.5552333223318969
00229-cHumXFzhHUR_0,5.440113,0.026498005,-0.109915935,0.9869972162245008
00229-cHumXFzhHUR_1,3.195315,4.0264983,-1.4713745,2.086397613811367
00230-TNx8nti6GNi_0,14.985773,0.0722653,3.0756328,2.5487339831367635
00231-4h4JxvG3cip_0,-0.6906757,0.07711001,-0.29468018,1.193441530747351
00232-XNiSi1YgPRR_0,4.9227276,-2.8167129,0.2921234,2.450793227063832
00233-PuFu1zFVc4k_0,-0.40746748,0.17071362,-2.0061526,6.122499014413201
00234-nACV8wLu1u5_0,0.82299566,-2.735545,0.9178783,0.748850733210101
00235-DWsM2ficpne_0,-13.822994,0.06376231,5.306539,4.593631406413234
00237-BW1f54ZNVW6_0,-6.459553,-2.8001206,0.3658708,3.902926200685604
00238-j6fHrce9pHR_0,-14.272301,0.08357698,2.870853,0.36304499783824595
00239-b3CuYvwpzZv_0,9.245247,-0.24194372,2.3266199,0.6768114503396606
00239-b3CuYvwpzZv_1,5.765609,2.7580564,-3.10084,4.47687564909263
00240-q9CAdKfvar2_1,-2.3145041,0.1789124,0.04050035,5.457759114636584
00241-h6nwVLpAKQz_0,1.2469723,-0.0013566017,-4.987918,0.6699165768157799
00242-JHHVv6QZJMm_0,0.49456725,-2.3871663,0.07877341,4.561638415637159
00242-JHHVv6QZJMm_1,0.24175304,0.13578105,-1.1906017,3.527641088684338
00243-BfzKZxFShtq_0,-1.6605558,0.15758002,8.505449,5.061243187034938
00244-E64sjs3Dyfd_0,8.229879,3.8780813,5.6165724,1.0516039735214073
00245-741Fdj7NLF9_0,-3.2484684,0.13381249,14.365314,5.0993086453788
00246-mscxX4KEBcB_0,2.779685,0.036631018,1.2814466,0.4889210027178508
00247-uvveHdpUZis_0,-1.6157703,-2.6581857,-0.39578733,1.738303126502961
00247-uvveHdpUZis_1,-3.153809,0.14181423,0.4568221,4.436761803943204
00247-uvveHdpUZis_2,-4.2469807,3.1418142,0.51282394,2.6549937522712854
00248-PM558qFsyi8_0,-0.06593108,0.1817612,0.33601993,2.3565797263294868
00249-PYHRaSotJNh_0,7.4079256,-2.8982077,-1.0086796,1.7475834247618678
00250-U3oQjwTuMX8_0,-10.415863,0.07911548,-11.076277,2.946909652962641
00251-wsAYBFtQaL7_0,2.6696122,0.1449112,-2.1402464,0.7327763810993385
00252-kGVKV9k9DCT_0,-6.348591,0.12389207,-4.437369,4.250673638393413
00253-HjxjHvpdeoM_0,-9.41376,0.15974084,5.5216293,5.143893526359762
00254-YMNvYDhK8mB_0,-0.6928003,0.13135624,0.35976028,5.05195345012467
00255-NGyoyh91xXJ_0,0.16373396,0.092082076,4.8502364,0.4309577853443723
00256-92vYG1q49FY_0,-0.10126059,-2.636651,-0.2963262,2.5469499032900615
00256-92vYG1q49FY_1,0.44122916,0.36334896,-0.21572518,1.1823560038611007
00257-j2DKmTV5TPV_0,3.328927,0.14827025,-2.5918467,3.1054642406378257
00258-2Pc8W48bu21_0,-1.3601682,0.16767362,9.452095,6.09434124708986
00258-2Pc8W48bu21_1,8.441301,3.3676736,0.5647446,1.8016805739270132
00259-4J8N2Ah1a6o_0,-2.5248673,0.11923733,-0.53238803,4.73245242836452
00260-ECStCRoCNWM_0,-4.290902,-2.6927478,10.132161,1.962550781192006
00260-ECStCRoCNWM_1,-19.12685,0.10725212,8.803814,5.220254547235713
00262-1xGrZPxG1Hz_0,-3.725105,0.11077675,0.37426686,3.6259106208132144
00262-1xGrZPxG1Hz_1,-8.015783,2.5107768,-0.31198063,3.811389620453895
00263-GGBvSFddQgs_0,11.320848,0.028917074,4.9113016,3.544434913292746
00263-GGBvSFddQgs_1,5.9413824,2.8289173,3.3415952,2.344012539532396
00264-GfF9TQ34x37_0,-1.2507064,-2.352948,0.2935926,1.8266032718242748
00264-GfF9TQ34x37_1,-6.594634,0.8470521,-2.354337,3.2139002640148555
00265-3Ao63EY7J83_0,-4.318557,-3.3817353,-3.1150174,6.009796535213244
00265-3Ao63EY7J83_1,7.7059126,-0.18173528,-10.453966,3.179595524552235
00265-3Ao63EY7J83_2,-1.5992167,2.8182645,-1.6605054,1.872741213550339
00266-67ADtrTrBK2_0,15.571959,0.14292946,-11.478527,2.607125968942445
00267-gQ3xxshDiCz_1,-4.1978855,0.15884733,-0.20808174,0.7269328937174407
00268-mHJxL9jnCox_0,-11.627905,-2.792743,-5.3472066,3.7977014012736245
00268-mHJxL9jnCox_1,-9.168222,0.20725703,-2.6779666,1.4572224144592363
00268-mHJxL9jnCox_2,-9.168222,0.20725703,-2.6779666,1.781277056242824
00269-JNiWU5TZLtt_0,-3.179585,0.072405845,-15.396353,1.9309157745386487
00270-bDTsgcSK5Qr_0,8.152129,0.13964052,-1.3785008,3.3275940767448002
00271-cjLuWviyDEo_0,-0.9304956,-0.0012119263,-5.2641726,2.676511855601593
00272-kA2nG18hCAr_0,0.9616632,-2.6172323,-1.0150951,3.5829077590973104
00272-kA2nG18hCAr_1,16.612448,-0.6172323,2.3655975,1.9473321371815653
00272-kA2nG18hCAr_2,10.277551,0.2535476,4.2234316,1.3958365988540582
00273-8DDKELpgD99_0,-0.8545233,-2.968962,-4.793846,3.9211123965063903
00274-NcK5aACg44h_0,5.8706393,-2.1734498,0.48261905,3.3664320612637155
00274-NcK5aACg44h_1,-3.8935251,0.026550293,2.6632323,5.421291627498594
00275-4dbCzNN5L5t_0,-4.0783734,0.17747298,7.9924316,4.2142364398584915
00276-HLBJGGyicLV_0,5.7482066,0.17459285,0.05495359,4.0667776158185225
00277-RHrFkyC59tf_0,-1.2560735,-1.2000247,-0.76660836,5.288207391140411
00278-dcd823nTKH9_0,-1.5712248,-1.0149021,-3.2497559,6.175239075224187
00278-dcd823nTKH9_1,-4.1238093,2.385098,-3.1237173,2.621944754195317
00279-YmEfzspXX5h_0,-6.3318644,0.12990737,-3.8863955,1.400111620501696
00280-FgswoxWb3uN_0,9.722414,-0.549331,-0.47535872,3.5747222710486506
00280-FgswoxWb3uN_1,13.73903,2.8506691,2.2477467,0.31574510949928725
00281-mj5sKX44BmS_0,1.1879559,0.14727,2.7326329,0.22331615013072564
00282-8nSVqHLMRwQ_0,-7.851672,0.12029201,1.4472301,2.1589379366891883
00283-MPPDV4Gvybr_0,0.20603964,-2.2537,2.738314,5.1411556019306826
00283-MPPDV4Gvybr_1,9.721412,0.14630008,4.5371428,5.274023496412874
00283-MPPDV4Gvybr_2,9.5631485,2.9463,3.7309346,0.71766499955858
00284-4GfZ9TTZUwL_0,11.0496435,-0.0143175125,5.1902676,0.8276587182966262
00284-4GfZ9TTZUwL_1,11.638576,2.9856825,1.3762132,1.0633044845659916
00285-QKGMrurUVbk_0,-3.5167637,0.10054007,-5.158797,1.7971211273978214
00286-UbsJXeCkJBA_0,-2.5717335,-2.5822933,-5.635949,3.877450269060918
00286-UbsJXeCkJBA_1,-2.1388996,0.017706633,-5.140107,3.109377025313345
00286-UbsJXeCkJBA_2,-5.9348936,3.0177069,-5.5283356,5.339539331136251
00287-SBHLgvFTVMZ_0,-5.098903,-2.4961617,0.13457476,4.123243697169338
00287-SBHLgvFTVMZ_1,0.77286464,0.103838205,3.21133,0.766520700411633
00289-wz9FcGhrndc_0,-9.479314,0.09272833,0.37969416,5.70388057561639
00290-6HMiy15cxis_0,-1.5186839,0.13717909,-2.9771037,2.165785643117046
00291-Umx6CdjZfvy_0,-1.939935,0.12344897,-3.1504774,1.1652498179621371
00292-reHtN7VMWkg_0,-4.5106378,0.091092706,-1.4768347,4.30653191034998
00293-pEeGyoYCEa1_0,5.392492,-2.633464,-5.7891126,1.7652219601318548
00293-pEeGyoYCEa1_1,-6.46539,0.16653585,-3.4573197,3.954305852842049
00294-PPTLa8SkUfo_0,12.680474,-0.5347746,10.114977,4.73139074095744
00294-PPTLa8SkUfo_1,14.802471,0.06522542,-3.7137213,3.883249694467304
00295-LQy8D2nmZ4x_0,3.2636383,0.1311341,0.35081562,1.5358120840634
00295-LQy8D2nmZ4x_1,-5.3101583,2.7311342,0.7144084,1.2453804746176647
00296-sLwz8nKD3wF_0,-3.171301,-2.70008,4.588965,5.7178581757366125
00296-sLwz8nKD3wF_2,-3.8805544,3.0999203,4.7131023,4.968452364620622
00297-jGdNyKqGZJw_0,-0.6273732,0.057902053,2.9194524,4.702902092646953
00298-by8SK9u18S8_0,0.40277326,0.16078305,-0.33458158,0.6536677309059771
00299-bdp1XNEdvmW_0,3.070678,0.03515412,-0.68813753,5.71258603915967
00299-bdp1XNEdvmW_1,3.070678,0.03515412,-0.68813753,5.95676323058654
00300-GcfUJ79xCZc_0,-1.6999,-2.3708787,-0.9565629,4.011615696597784
00300-GcfUJ79xCZc_1,0.89032245,0.07233234,-1.102675,1.9423310066782096
00301-JiHGQpwKUvd_0,-0.9861882,0.09793396,5.065219,4.1904874451255765
00302-JFgrz9MNz4b_0,-0.05243843,-2.7928987,-2.9314106,0.11888728791908
00302-JFgrz9MNz4b_1,-1.742002,0.0071012974,-2.1505296,4.336252845220788
00302-JFgrz9MNz4b_2,4.854373,2.8071012,-3.104779,1.8283591162610138
00303-ghWQ5kHV97i_0,-5.09953,0.033372357,2.1009536,3.265219025835968
00304-X6Pct1msZv5_0,2.95619,0.14680052,-0.01845321,5.433099089076294
00305-W3J8ruZTQic_0,-9.078728,0.13743782,-41.527634,2.5724541332748174
00306-Y4L8fjz2yH7_0,5.830022,0.187253,-5.3119473,1.2302073660651884
00306-Y4L8fjz2yH7_1,-7.756855,2.987253,-3.3638303,4.0893549314680495
00307-vDfkYo5VqEQ_0,7.08895,-3.1179905,0.8788087,1.7230974148094658
00307-vDfkYo5VqEQ_1,6.5830917,0.082009554,3.756402,4.482547271620583
00308-gmLDom6XSo7_0,-7.113921,-0.4411075,-4.528173,3.4346601674119355
00308-gmLDom6XSo7_1,3.1677392,0.094601154,-1.172321,2.788577370001158
00309-VKmpsujnc5t_0,0.32824683,0.20061606,-0.18805037,2.329433699390584
00309-VKmpsujnc5t_1,-0.7783352,3.322735,3.8702643,0.5091830667856762
00310-WnvnMQh4eEa_0,3.5553918,0.13814965,2.4130812,0.9930077199653531
00310-WnvnMQh4eEa_1,2.6056523,0.13814965,2.2072906,5.407216650892349
00311-mHXUEKEV6gR_0,-6.0874805,0.009536266,-0.5309926,2.5653344611669597
00312-UrFKpVJpvHi_0,4.0173187,0.112287015,-1.6199765,2.412553549738805
00313-PE6kVEtrxtj_0,0.3003289,0.09852779,5.5091763,2.451203375832897
00314-NwG7cpZnRZb_0,4.3380957,-2.9544744,0.1349995,0.24578017480879635
00315-We1N7vBtyGm_0,-1.1781074,0.17838708,-4.680766,2.491201751548374
00315-We1N7vBtyGm_1,5.257236,2.778387,-5.031392,5.413350226890019
00316-LqsTKpxKVP2_1,-0.72420746,0.18046212,-0.36067143,5.93848596945331
00317-P8XJUpcAUkf_0,-6.6504087,-2.47278,-0.41965613,1.4648198635711644
00317-P8XJUpcAUkf_1,-5.649179,0.12721992,0.6831975,6.238391909886128
00318-6qJyEsZNuey_0,5.1627417,0.028344005,0.7772508,1.98967563104354
00318-6qJyEsZNuey_1,5.1627417,0.028344005,0.7772508,1.4270796441468647
00319-sjH1uaR68XQ_0,-1.2662897,-2.839185,0.42486173,2.0663147770375425
00320-nicaPonCxvC_0,0.4989248,-1.8179909,-1.4921556,5.928648510748292
00321-JWWJBQWHv64_0,-12.624321,0.13610804,-1.326752,3.784602273665416
00322-7Xp37y8DpSv_0,-1.4380319,0.14735568,0.41956,4.722218503559813
00323-yHLr6bvWsVm_0,1.9342668,0.26024437,8.15009,0.09222412158158108
00324-DoSbsoo4EAg_0,-4.958604,0.08375928,9.628725,6.094638408181118
00325-bMvM1KL4WsR_0,-4.204194,0.14406943,-3.4218225,5.285268081795649
00325-bMvM1KL4WsR_1,-3.3542535,2.9440696,-5.207656,3.2765003211472403
00326-u9rPN5cHWBg_0,0.6311562,0.16440988,-0.3839694,2.472224829131127
00327-xgLmjqzoAzF_0,11.484707,0.061364472,2.1816707,3.6137199940732905
00328-DACaFbApXUe_0,-2.3723989,0.14391351,3.7805016,6.214166858088429
00329-asrq4PFvdvF_0,1.7315695,0.016020775,-1.814477,4.105181550869791
00329-asrq4PFvdvF_1,14.975584,3.4160209,-0.15885359,1.2978166249907275
00330-WhNyDTnd9g5_0,-1.257747,0.19343972,0.12474455,5.8100577260320945
00330-WhNyDTnd9g5_1,-1.257747,0.19343972,0.12474455,5.791770004799212
00331-gGMMut83nsX_0,0.6856191,0.054927975,-5.860653,0.3927525535052757
00332-cWfRoQnzNiM_1,2.1239948,0.13218117,-2.7212462,1.3811589138259954
00333-LLecyBe5Eq2_0,-7.4842877,-2.608643,-2.2292316,4.079181580463192
00333-LLecyBe5Eq2_1,-0.31964737,0.1913569,1.9710141,3.6563046359740596
00334-hkmLgL6jrP8_0,-0.41431686,-0.22100863,10.56844,6.224759252879822
00334-hkmLgL6jrP8_1,-0.85628265,-0.17815337,10.30542,6.030936597084657
00336-uc8QkFS11Hj_0,-3.1452303,-2.7073457,-3.0628364,4.086493173501494
00336-uc8QkFS11Hj_1,-10.360909,0.09265423,-3.393898,4.142179688859562
00337-CFVBbU9Rsyb_0,8.286682,-2.600538,-2.5247993,1.121999366122491
00337-CFVBbU9Rsyb_1,7.281977,0.04125178,-4.0816426,3.3500237480930974
00337-CFVBbU9Rsyb_2,-4.8028445,2.9994621,-2.5242865,4.923855899664738
00338-rK4jPRTUw15_0,3.406702,-2.5151875,-1.6079228,1.6497039161142204
00338-rK4jPRTUw15_1,-2.5792766,0.0848124,-0.15596196,3.6236133900177787
00338-rK4jPRTUw15_2,-3.5046356,2.6848123,1.3386592,5.240254529728189
00339-T7nCRmufFNR_0,13.251532,0.06293507,1.3624101,1.3292414956152268
00340-GtqoUWABJ11_0,-1.944078,0.18183699,-0.6827246,5.380867043781498
00341-tYvWp85L81G_1,3.1981804,0.08130789,2.491889,4.45557196711211
00342-C6JvMamYTRg_0,-6.6962433,0.0383009,5.5977397,1.6648378299708388
00343-5graSmdK3Bj_0,4.659524,-3.0105448,-2.7390418,1.747193990571682
00344-PaQrTquNd2v_0,2.5711274,0.03239198,-4.174166,5.440114479818343
00345-8EqKbkhqE4R_0,-6.7201033,0.24484125,3.5839663,5.610047420225168
00346-mQFC1yx29MM_0,6.4684544,-2.9321218,2.4344807,1.715012876176904
00346-mQFC1yx29MM_1,7.336671,0.06787825,6.812896,0.7514304327832806
00347-bwoBmU23M2N_0,5.609459,-2.8501072,3.9432087,1.19317253943968
00347-bwoBmU23M2N_1,4.0464497,0.1498928,5.302004,5.578586286440039
00348-37c5w29pYm3_0,5.7787523,0.23362973,4.5105505,3.986755450080638
00349-p32JzpQyhPk_0,7.2234325,-2.687882,-0.15242834,2.4093283669472796
00349-p32JzpQyhPk_1,4.970504,0.112118006,2.014386,4.154965408733669
00350-amdKHm5GAM1_0,15.996407,0.30478895,3.1497302,0.6271223384618821
00350-amdKHm5GAM1_1,3.8903506,2.904789,0.29546943,3.786420054169518
00351-QxfX5te1gFu_0,2.0039046,0.11903387,0.5042964,5.902290550540319
00352-zmZvNTCxMZE_0,0.60216075,0.13098946,1.2083893,4.18382035580854
00353-8qbZhbTc1wX_0,1.6287752,0.1373848,3.3378046,5.313159227859321
00354-NpCFg9NdUgL_0,2.5050712,-2.5853353,1.0064043,4.3961834370178625
00354-NpCFg9NdUgL_1,7.065431,0.1620171,-1.1138294,4.962509103019355
00355-Qkm4CooNoPi_0,-4.0748453,0.14657016,-3.3843007,5.505854184089381
00356-RYzud5W7ZnC_0,-4.508024,0.055804163,0.35101703,2.068298473616424
00357-TzQLNfWugiZ_0,-2.4044445,0.10862005,1.5205638,1.2902929469603077
00358-Wjvsh6jnVsR_0,10.874594,0.0239048,-0.7698208,2.3358337265486298
00358-Wjvsh6jnVsR_1,10.315889,3.2239046,-2.858465,2.285584953048497
00359-aTf5zsbjZMb_0,-8.9199915,-2.606753,0.29197717,5.451100762327036
00359-aTf5zsbjZMb_1,-2.5310335,0.19324684,-1.4256312,5.691547558453253
00360-yA3RqPqMrGE_0,2.21241,0.089460135,3.5603309,5.599925621562404
00360-yA3RqPqMrGE_1,5.352855,3.0894604,1.5793574,1.2652802656300925
00361-uXU4dVyyvWa_1,-1.8544152,0.16383922,4.076437,4.718070383025958
00362-o94q92w5PK5_0,0.38449275,0.047926143,-0.23857287,0.3288029231241276
00363-DS3nSAaa3Nr_0,-9.115408,0.107019424,12.585598,4.967153838976215
00364-tEafuWwhhwr_0,4.7270527,-3.0084376,5.940213,5.48871986720203
00364-tEafuWwhhwr_1,-4.6811,0.08321889,6.8351126,1.4349282288073677
00366-fxbzYAGkrtm_0,-0.013149947,-3.1826224,1.8019342,0.025656844374728562
00366-fxbzYAGkrtm_1,-5.001728,0.017377853,3.143411,5.290976510136618
00367-RHdkyzXFp1k_0,-1.2986294,-3.1267502,2.3676786,2.032381159866591
00367-RHdkyzXFp1k_1,-2.4665046,0.07324982,3.816956,5.919627703126358
00367-RHdkyzXFp1k_2,-0.4109397,3.2732496,4.379331,2.9506117227296302
00368-k9UfRPqLm3j_0,7.170723,-2.7175949,-1.8471477,2.021527686185195
00368-k9UfRPqLm3j_1,-0.33703214,0.08240509,-1.7093146,4.040056193900104
00369-FgXPKxNp5kK_0,-1.1607776,0.12019998,8.298212,3.999238989152773
00369-FgXPKxNp5kK_1,0.37669006,4.7202,4.326551,1.714830290384295
00370-RcuYAHzrjK7_0,0.34103176,0.079827994,8.736635,5.4132062127254645
00371-6AGcGQf2wof_0,1.839796,0.060377203,0.16607843,4.195329974090213
00371-6AGcGQf2wof_1,1.839796,0.060377203,0.16607843,2.279636765831347
00372-GMwtBqNLGBs_0,-15.722103,-0.058404997,4.3021173,1.176988322395496
00373-WPzCkWEorzk_0,4.388886,0.1752932,9.425566,5.235651453031534
00374-j2eqyxdYAFW_0,-0.6587169,-2.557616,-0.7887521,1.710170394239219
00375-kubNyvKJBUX_0,-9.497015,0.013661087,-5.257064,4.389858469178942
00375-kubNyvKJBUX_1,-2.1513195,2.0136611,0.31618553,1.0496804539335105
00376-wxixLWuvLjd_0,-5.860986,0.080754995,1.4338773,1.4831144193347259
00377-Fgtk7tL8R9Y_0,1.1579545,0.052137047,1.1439427,3.5582153525723212
00378-DqJKU7YU7dA_0,-6.145708,0.07917374,20.26542,5.7605234661226135
00379-58fkJMgLopt_0,2.851939,0.1740377,-0.05972375,0.9212425359033198
00380-fdfRpE6Cfsr_0,1.6012206,0.17414302,0.7792256,0.021462317158240787
00380-fdfRpE6Cfsr_1,3.7038314,3.5741434,3.7868218,5.491013300731587
00381-pmZMJfFd3Jy_0,5.52942,0.04006876,-0.53785324,1.4041298833198594
00382-S7uMvxjBVZq_0,-4.0071087,0.06446344,1.1812471,0.388983322091967
00383-yTgw14aa5ha_0,-3.1414993,-2.6077213,-1.1042615,5.232587952431367
00384-ceJTwFNjqCt_0,5.231706,0.19653523,1.0218712,5.326105651501055
00385-PB8eQHRTRRK_0,-9.4119215,-2.5470057,0.6394213,4.564051959185367
00385-PB8eQHRTRRK_1,-9.604927,0.05299425,0.5110235,4.2029009077193065
00385-PB8eQHRTRRK_2,-1.0967728,2.9896507,-0.08299631,2.9960631418512134
00386-b3WpMbPFB6q_0,-4.7399206,-3.035172,1.6855371,2.3388519642431365
00386-b3WpMbPFB6q_1,-11.163423,0.29750174,-6.556751,2.21773393876365
00387-6vJMULqvYe8_0,4.3423004,-3.3732915,6.6787233,1.3826507524354181
00387-6vJMULqvYe8_1,-6.0870304,0.026708364,3.6141584,2.8549894822711614
00388-pcpn6mFqFCg_0,3.245203,-2.0457385,2.447612,1.7544808786793462
00389-d6bYiL1d9Fh_0,9.646182,-2.5846477,1.0866646,1.6729498103218894
00389-d6bYiL1d9Fh_1,9.694224,0.015352488,2.2195716,2.817485898863029
00390-c9DeZf2fcDf_0,4.4853344,-2.8743079,4.5644484,1.0652424422014435
00390-c9DeZf2fcDf_1,4.485062,0.12569237,4.36414,0.34498052433014526
00391-3UDjdrwcqMb_0,-3.414949,0.079374984,0.76287925,1.0992120365271867
00392-M8PMwoYQTUV_0,-0.26230314,0.21421854,3.23047,1.7983470135946213
00393-dD37vuCa4FE_0,12.960381,0.13080445,2.7808983,5.6635516956030205
00394-H7bBanejcc6_0,-5.728641,-2.5441976,-5.419696,4.335366799085567
00394-H7bBanejcc6_1,3.4621835,0.14974523,-2.6774673,3.3312504676757446
00395-giViJCyCH2C_0,-0.863767,0.085090354,4.0928116,5.178648871366269
00395-giViJCyCH2C_1,0.38221067,3.0850904,4.615224,0.6614094022027203
00396-wuKkTq5GJbi_0,-6.044777,-2.4866788,-0.25593194,0.8892478513912815
00396-wuKkTq5GJbi_1,-7.249089,0.113321066,0.29685035,5.643486801903957
00397-ZNanfzgCdm3_0,-6.264574,0.014647245,-1.565276,3.5405574264546917
00398-Vnb6uKtzQCU_0,-7.6541576,-2.0908146,6.7024956,5.345510890658079
00398-Vnb6uKtzQCU_1,-2.3589792,0.16712308,-4.8652077,2.450754260862899
00399-XokRUNE3gB1_0,4.6543846,0.05049391,-2.3699515,2.6958640723960445
00399-XokRUNE3gB1_1,1.3800406,3.050494,-2.4215994,4.7518016603866045
00400-KcHdFEzySGq_0,12.723776,0.16388798,2.347331,5.830502391535863
00401-H8rQCnvBgo6_0,-2.9707522,0.05587253,0.30980632,5.580209852733744
00402-zR6kPe1PsyS_0,1.9774574,0.18326417,8.139093,3.581277016257888
00403-t3t9ofFLcFU_0,6.171127,0.03504868,7.672763,5.9343333356442525
00404-QN2dRqwd84J_0,0.32297564,0.19140404,-6.0565968,4.6449231755516465
00405-q28T9C3q2dv_0,1.4050773,-2.7763615,-3.096301,2.9369774571205567
00405-q28T9C3q2dv_1,1.6985021,-0.5763614,13.28444,5.147926531984963
00405-q28T9C3q2dv_2,9.437704,3.4236386,-3.6322129,2.370594518249372
00406-n2Tt2eJdqnT_0,-4.3256135,0.07288094,8.655794,4.611792230108221
00406-n2Tt2eJdqnT_1,-3.16172,2.872881,10.851519,5.066286847677207
00407-NPHxDe6VeCc_0,11.686354,-0.12146032,-6.7107687,3.0366328719298674
00408-RamZzGBBPbT_0,0.006365927,-2.4976203,0.56324667,3.134296717814185
00408-RamZzGBBPbT_1,3.777067,0.031845093,5.557543,0.31901619389421143
00408-RamZzGBBPbT_2,3.777067,0.031845093,5.557543,1.300180278103607
00409-rxGLNxH6eoJ_0,6.397128,0.17363778,-1.5832376,1.4828811803721784
00410-v7DzfFFEpsD_0,14.828085,-3.0553355,-1.3737445,0.6294895919223408
00410-v7DzfFFEpsD_1,14.568565,0.10536885,-1.8352871,2.033242118315688
00411-o4tckGBtaxz_0,-7.881623,0.17192402,3.4768143,5.37388412410651
00411-o4tckGBtaxz_1,-0.34261504,3.140033,0.16688241,2.1973737415139345
00412-mDPCxA7W1WN_0,-3.686754,0.05772698,-0.5930064,4.400453876460755
00413-YM4nG4pSAEJ_0,-1.327466,0.0397069,-1.6795778,0.5272756474607878
00414-77mMEyxhs44_0,13.027831,0.16044098,0.8423596,0.393040266159242
00414-77mMEyxhs44_1,9.479357,2.560441,-4.2898517,3.5877461594143947
00415-rBmEe6ab5VP_0,8.134743,0.0467391,-7.724005,3.8990999289240147
00416-zCMdfYaW9iF_0,0.04706614,0.09619403,-1.5136799,4.444287859348107
00417-nGhNxKrgBPb_0,15.176033,0.052617192,-4.3834424,1.037363840517689
00418-t6tH2pNA9X5_0,-4.790892,0.058780104,-0.016970672,0.8648391395211937
00419-fbUcgfPMBDr_0,-1.4015576,0.08274308,-2.0955884,5.9850228870353295
00420-R6Byftz8wRN_0,-11.808208,0.23833738,1.3939434,5.384985118473836
00420-R6Byftz8wRN_1,-3.6451607,3.151134,1.9240804,0.3713049479533222
00421-gamLwhSzHci_0,-7.7783356,-3.1214218,-2.8393474,4.40460417646461
00421-gamLwhSzHci_2,-0.8099358,3.1158695,-3.002841,2.2564206796023063
00422-8wJuSPJ9FXG_0,-3.4156978,0.13262834,0.18755177,4.940198819244156
00423-bEdki9cbHDG_0,3.9739747,0.102585316,-8.719844,2.379249488046787
00423-bEdki9cbHDG_1,-7.2515273,3.1025856,-3.0420527,3.208517901994887
00424-Hsk3jDzNySy_0,-4.814687,0.13497093,2.9854918,4.8119932278141775
00425-SSbSnMigayt_0,-2.8277893,0.081814006,3.8692207,3.5864823737557128
00425-SSbSnMigayt_1,0.07416937,3.081814,1.4404411,3.7225666179890733
00426-X9fRPGxw1jS_0,-0.49991107,0.16646501,0.051425368,4.918937307051677
00427-P3hmFK6Ejnf_0,0.18667108,-2.71833,-0.023416204,5.288968772927931
00427-P3hmFK6Ejnf_2,3.8863783,2.949752,-3.2538595,2.5801884691249066
00428-vPoFkhqsJaf_0,-2.5034251,-3.2396727,-3.8635895,1.0858490667443683
00428-vPoFkhqsJaf_1,-13.083795,0.16032743,-3.3943782,5.033868732792733
00429-UZ5rYGiwQgW_0,-2.0043645,0.07741298,3.083797,2.352513397204975
00430-P8L1328HrLi_0,4.1633997,0.0037548095,0.81291175,1.4064791009770015
00431-rp42RknmRV8_0,6.5783567,-2.286709,2.0322309,5.405105733174864
00432-vCfHLVSyL21_0,-9.713453,0.133125,1.6681639,3.670775665190055
00432-vCfHLVSyL21_1,-4.043452,3.1458538,4.1342273,0.7598429538572362
00433-uzH9yHazm9t_0,-0.36461905,0.051595405,3.2152295,4.770195668800324
00434-L5QEsaVqwrY_0,1.9963828,0.12656279,22.778929,4.872794172858145
00435-rmDFTEWfNcz_0,5.9471254,0.15747395,5.242609,5.469398374457223
00435-rmDFTEWfNcz_1,5.9471254,0.15747395,5.242609,5.581067954890426
00436-TGVJHgmMGzi_0,0.51388425,-2.7918437,0.38216946,5.1692353085043425
00436-TGVJHgmMGzi_1,4.071084,0.0081563,1.6990464,6.170807660643478
00436-TGVJHgmMGzi_2,4.071084,0.0081563,1.6990464,5.472414287207014
00437-S3BfyR31Wc9_0,-10.5515,0.08140522,0.1543872,3.8113480674962
00438-XvJjCZv6SYp_1,-0.60667217,1.1383581,0.30899492,1.9504951127911394
00439-mjvN6RDLsPm_0,-2.2708907,-2.636709,0.37560254,3.8370547879453474
00439-mjvN6RDLsPm_1,-2.0701594,0.37943935,1.5239532,1.7964765839570347
00440-wPLokgvCnuk_1,-0.2902219,0.8802166,-4.1299024,2.554178319991518
00441-4MRLu1yET6a_0,-3.8422847,0.101282984,4.1852922,5.6255022972872775
00442-tJ7XVoEN82a_0,-0.6224295,-2.3731713,-0.9248646,1.9341784943595017
00442-tJ7XVoEN82a_1,-2.6249294,0.026828527,3.5318213,5.363800319459469
00443-oz1yTAGPXkh_0,-10.525511,0.040090755,1.6509426,2.4683919021027836
00444-sX9xad6ULKc_0,8.641174,0.08200241,0.85512906,5.088061261714043
00445-H81QMurNRM8_0,-11.360131,-0.84883296,-2.5452332,6.154221600988822
00445-H81QMurNRM8_1,-13.576369,2.351167,3.2571192,4.395885130333906
00446-tL6i2PtktSh_0,-5.3262725,0.087420896,3.6669896,4.46706791291061
00447-5RtSdesLuHt_0,22.251854,0.092716604,1.6206167,0.7314777714274656
00448-tAQTHnJ7n72_0,-11.582352,0.076522976,-0.37119156,0.11713010641062209
00449-JjsvQEqRxGS_0,6.947798,-2.994518,-0.19465837,2.0161887902807334
00450-LGGnLUDPz37_0,-1.0120953,-0.09384465,-5.3086977,4.235467047876015
00450-LGGnLUDPz37_1,-1.0120953,-0.09384465,-5.3086977,4.5863209684272475
00451-FYYpmNC4gAd_0,1.7202537,-2.6658502,0.20160544,3.6442510034035407
00451-FYYpmNC4gAd_1,0.020890653,0.26693907,0.5432113,4.162409249726962
00452-9Ckja165ren_1,0.3767046,0.022824049,0.7707603,4.6209144577812955
00452-9Ckja165ren_2,9.633353,3.0228238,6.4377594,2.544792834139118
00453-6ySDHVkso9e_0,-0.85971737,-2.629169,-1.8519374,2.3469520104553228
00454-vjMVcmpC1hC_0,-6.1067057,0.02970381,-1.376723,2.34382611149767
00455-k7mcxHG65Wh_0,6.1087055,-0.66057104,-5.3715253,2.3093429592205124
00456-T48WJA2vtru_0,8.684218,-2.542719,0.39789867,2.135094145752847
00456-T48WJA2vtru_1,8.164757,0.057281256,1.8056973,0.9892251817004238
00457-7PZPFHR3oJc_0,-0.26808977,-2.521609,-0.6517973,0.1945501125544058
00458-fFx6oC7EVp7_0,4.741235,0.013928607,-0.17728962,4.13162220145677
00459-Ze6tkhg7Wvc_0,2.617709,0.113452435,-4.156301,0.5071592049627276
00460-LViDMxZp4ZN_0,12.485775,0.077436,5.004127,0.7550449959724305
00461-AiY2reLtjYJ_0,9.243293,0.028069004,-1.5607896,2.993319992627609
00462-5m6t1y5EvsT_0,-2.422871,0.163084,3.5786486,4.7714344130862285
00463-URjpCob8MGw_0,5.110673,0.042638063,1.5401684,3.0044874294460953
00463-URjpCob8MGw_1,0.89562595,3.0426383,2.328523,3.844390732552671
00464-NfkadBDgBJV_0,0.0069793165,-2.8566337,-0.73029923,1.9525402064189648
00464-NfkadBDgBJV_1,0.29801613,0.14336634,-7.1051145,3.268679725994521
00465-nvjM2xMma91_0,-2.9440296,-0.2472729,1.6518888,4.7622310993682975
00465-nvjM2xMma91_1,-13.630816,0.15272713,4.3031926,3.38487620436347
00466-xAHnY3QzFUN_0,-4.869155,0.05698298,17.104336,5.447251562813511
00467-mggziYKSc6S_0,2.9252198,0.11253317,0.38323447,1.140555909616633
00468-iTm2PKHUcTJ_0,4.1035275,0.19260526,-3.9845424,3.7213512872725163
00468-iTm2PKHUcTJ_1,4.1035275,0.19260526,-3.9845424,4.421470881993212
00469-ochRmQAHtkF_0,6.9727645,-2.90628,-6.7759953,4.719789485675853
00469-ochRmQAHtkF_1,2.518093,0.09371996,-0.58143914,5.197598058666509
00469-ochRmQAHtkF_2,7.91665,3.2937198,-5.824838,6.199624402087467
00470-udze1CSof5C_0,-0.9755635,-3.4222848,0.17952177,5.357130627512593
00470-udze1CSof5C_1,6.360452,0.17771506,0.5276479,4.331109780348408
00471-f93a9wrxRjG_0,0.3650484,0.09633203,-3.0823483,1.2630492746283597
00472-Xuky7E5df6A_0,-3.3211918,-2.9704058,-3.1541767,4.15584381124095
00473-xccdSFAEPau_0,-7.747814,-3.2328954,2.221924,5.862042364105351
00473-xccdSFAEPau_1,-7.4182124,0.16710448,24.351097,2.2766306858089522
00474-v46TaF2rxHK_0,-10.401591,0.27278602,3.5657182,0.7286115176050605
00474-v46TaF2rxHK_1,-10.401591,0.27278602,3.5657182,0.6279023292914148
00475-g7hUFVNac26_0,3.3392303,-2.8096817,4.3502054,5.245921011895551
00475-g7hUFVNac26_1,10.669407,0.18482147,-4.558368,1.438250465631794
00475-g7hUFVNac26_2,0.9549093,3.1903183,-1.6321517,5.278721289892148
00476-NtnvZSMK3en_0,-2.1082664,-0.018307969,0.70992893,0.294387197778658
00478-QDvRVeWFCjM_0,2.1426194,0.17298472,-7.6417933,1.1851281092853552
00479-p4ZPcGtk6Ex_0,1.7043359,-2.7662606,1.5237163,1.2250519544294871
00479-p4ZPcGtk6Ex_1,3.5264907,0.13910833,2.4796848,1.2079168365356436
00480-RrfVebebfWf_0,3.4187284,-3.008206,-1.6396049,2.759650060689488
00480-RrfVebebfWf_1,-0.2116961,0.19179416,-1.3088467,5.687153082170404
00481-5jLhtVmWd5F_0,0.79066133,0.19494414,-1.9306811,5.024640225234222
00481-5jLhtVmWd5F_1,-1.0375861,3.194944,-1.2632939,5.731671705991933
00482-EQSguCqe5Rk_0,4.233279,0.032633975,3.1078477,1.7255003453338185
00483-boHtwWDWtXh_0,7.7607536,-3.0097322,0.3212003,2.1942073569973877
00483-boHtwWDWtXh_1,0.20233837,0.1902678,3.3047042,6.084926406065648
00483-boHtwWDWtXh_2,0.47737676,3.1902678,0.9066447,4.017406217909805
00484-fc7RfUCN5mY_0,-0.5566523,0.05317706,-4.482159,2.0225272345575336
00485-yX54kr5c5g9_0,5.7995963,0.17738095,3.5354295,5.539556122090132
00486-WypGcNbCdsH_0,-5.906721,0.05059202,-2.0834725,3.7498016855238587
00487-erXNfWVjqZ8_0,-7.9109893,-2.5998747,-3.279441,2.0546162766687917
00487-erXNfWVjqZ8_2,-2.6303735,2.9641566,-1.1234251,0.5576910589583871
00488-F8PSGjTiv61_0,-4.1020007,0.08164795,1.7177655,1.3600938748793177
00489-boJrpwDQtu9_0,0.8627293,-0.058629006,3.4651065,1.8711347074792024
00489-boJrpwDQtu9_1,-0.5602829,-0.058629006,4.0566254,4.661899388259518
00489-boJrpwDQtu9_2,2.441671,3.1413713,4.0861053,5.878913073217465
00490-BUFVGDCQNGb_0,-7.4562135,0.04583803,0.427343,2.6590870173085723
00491-Ty7djLDxQu3_0,-2.4141462,-2.7148058,2.9369488,3.151199659691754
00491-Ty7djLDxQu3_1,-3.4374526,0.08519411,3.4194653,3.312768011470384
00492-panm7DRsmDn_0,-5.5264597,-3.3072937,2.808244,6.051544108702627
00492-panm7DRsmDn_1,-7.1860895,0.0927062,2.3516474,2.5785969630074854
00494-5737gQA9p2T_0,5.8325205,0.104054034,0.030777425,1.9513814995752061
00494-5737gQA9p2T_1,0.007539086,3.172105,2.3782978,1.0245483403446
00495-CQWES1bawee_0,6.4425163,-3.0098238,-0.4518387,0.9706778793429227
00496-eWKqgQbVZow_0,-3.0807488,0.0777311,-2.8163838,1.190646699823242
00497-AeBfp3hTadB_0,0.060636193,-2.5762696,-0.19398221,4.435737600191229
00497-AeBfp3hTadB_1,3.1083875,0.11138691,-0.8308826,6.137401717814751
00498-ij6Fizhrr6c_0,-4.50733,-0.59823954,-9.066984,2.372249743493288
00498-ij6Fizhrr6c_1,0.36618608,2.4017606,-6.4994335,1.3388366691700229
00499-q6tn1ZjSsG4_0,2.0526228,0.1634022,0.14706677,0.84560926068567
00500-fKP4sxcoxpL_0,10.142071,-3.0029194,-2.2604473,0.8579737507382302
00500-fKP4sxcoxpL_1,4.684051,0.19708061,-2.2913845,2.057432057335787
00501-N7YVmJQ8sAu_0,5.3661213,0.08235088,-2.3882015,5.586305117458784
00502-nMeXfQU4PMS_0,-8.630725,0.136499,1.337889,5.089297542260209
00503-aqx6EomMgTf_1,0.8716058,2.9756367,1.3012333,1.9310763451477462
00504-frThKkhTwFT_0,-7.3770604,-0.081113935,-5.153746,5.032634946596534
00505-ZwnLFNzxASM_0,0.52678216,0.08454245,-2.025272,5.7610465137510225
00506-QVAA6zecMHu_0,1.7471535,0.038921595,6.0286818,0.5628105161078567
00507-RfNGMBdVbAZ_0,-10.955671,0.19148791,4.2392898,4.730287305728249
00508-4vwGX7U38Ux_0,-1.4309777,0.13024533,5.645841,5.875455476410645
00509-gDDiZeyaVc2_0,-15.307709,-3.0999296,6.0962763,3.6096957123751667
00509-gDDiZeyaVc2_1,-13.226372,0.10007048,-2.7390914,2.2709923771047458
00510-JSgMy8tTACD_0,-0.5776316,0.053232938,1.5000098,1.0159750744840184
00510-JSgMy8tTACD_1,-7.0300083,3.0532331,2.08614,2.1338510263849653
00512-WZDzPCybQvS_0,-1.0222919,-2.7778466,-2.2949214,3.850452995105054
00512-WZDzPCybQvS_1,-13.675475,-0.37784648,-5.1629515,5.746709418163628
00512-WZDzPCybQvS_2,-7.828043,3.044675,-6.0548067,1.583746321644663
00513-9oGV6Y9nNqB_0,8.617036,0.006913975,-0.088998206,1.2837570438339891
00514-9DnDAhJ7qcj_0,0.9918797,-4.231728,2.0260992,2.1650531059909848
00514-9DnDAhJ7qcj_1,-2.3839545,0.09338554,14.096496,1.1535302571824806
00514-9DnDAhJ7qcj_2,-3.4239306,4.631483,13.507753,1.6662729038666566
00515-krsjseyn6fd_0,-3.9194465,-3.2544243,-5.375203,5.454348216754003
00515-krsjseyn6fd_1,4.83943,0.05886364,-0.042880073,6.2144733069066795
00515-krsjseyn6fd_2,-3.2938435,3.2588634,-3.2446868,2.828116246605371
00516-ytXtEYghmvL_0,4.292538,0.14213634,7.4672003,5.1248119882865595
00516-ytXtEYghmvL_1,4.0944495,2.7726057,8.432688,5.063561166427984
00517-jG9pucmJVBZ_0,-6.2146664,0.1478478,-4.0089107,1.7435622093881036
00518-o1F5JVHc6mb_0,7.147264,-2.5653286,-8.643952,4.653890251930578
00518-o1F5JVHc6mb_1,12.929482,0.0073152483,-3.1099687,2.065334428291853
00518-o1F5JVHc6mb_2,9.913666,3.2346716,-0.6016638,1.9293766514312962
00519-aNri5Gh1ZTE_1,-8.976949,0.029291153,-0.20953485,3.8948779972280105
00519-aNri5Gh1ZTE_2,-5.938896,2.829291,4.550273,5.194638910039046
00520-LpFSk2s7me6_0,-1.3393992,0.021990493,-6.9040804,2.303938951834745
00521-1SedVoP7zLu_0,1.2112842,-1.9048681,-3.7447684,4.512023711182773
00521-1SedVoP7zLu_1,1.299525,0.695132,-4.5495114,2.52287770541805
00522-XYQdAu1qsK9_0,5.7439165,0.108840376,-1.7395651,2.3282527053378725
00523-PK83UqrXjd3_0,-4.9833007,0.114789866,-1.3478235,3.7096214864210895
00524-hbr5fTQhAAa_0,-0.6154463,0.13272703,-2.3858218,0.8757590269044988
00525-iKFn6fzyRqs_0,5.070759,-3.0073385,2.1730905,1.5298415021111613
00525-iKFn6fzyRqs_1,1.1087717,0.19266152,-0.85880125,2.2349478379588024
00526-PFLHHbjscNN_0,9.350948,-2.876435,0.22695163,2.7002676072247835
00526-PFLHHbjscNN_1,8.371283,0.038453102,1.1367011,1.0970214006888408
00527-HPrcqBkKzuy_0,-7.857209,-0.093223184,10.490295,0.22485908777906655
00528-BCWtGkh8CHv_0,-1.1740377,0.08456111,20.464407,5.927781792778355
00528-BCWtGkh8CHv_1,-1.1740377,0.08456111,20.464407,1.1031377987218116
00528-BCWtGkh8CHv_2,1.702708,2.2845612,6.9361444,0.23547258240221317
00529-W9YAR9qcuvN_0,2.0596595,-2.9520113,2.2251515,0.38081903857352606
00530-C7xtw9uhYFn_0,10.262804,0.0044514686,0.47773772,0.5677065569174788
00530-C7xtw9uhYFn_1,10.262804,0.0044514686,0.47773772,2.9173085898518254
00531-TziyvKgzdAs_0,5.7600045,0.101842836,0.21658213,2.7585647830244064
00532-4euAVjDbkz9_0,0.8794029,0.012816191,-0.6457052,4.029666371593507
00533-wDDRygUCLMm_0,-10.280476,-0.053411484,5.6174755,4.461374253405262
00534-DBBESbk4Y3k_0,1.6324339,-2.510014,3.8346524,2.1031340448084097
00534-DBBESbk4Y3k_1,-6.581665,0.08998585,-2.6109896,5.940891022206868
00534-DBBESbk4Y3k_2,-6.436369,2.8899858,-0.119645566,3.88238236372739
00535-XKqDR74W1JU_0,-3.5198812,-2.4846897,4.408519,0.3906003203102356
00535-XKqDR74W1JU_1,0.84182894,0.11531019,-0.663237,2.513159479988366
00535-XKqDR74W1JU_2,-3.688521,2.71531,8.890069,4.2890049419452705
00536-QFjJExB2jgE_0,-0.46274996,0.13296199,4.2153788,1.086564506734614
00537-oahi4u45xMf_0,0.49436328,0.1161139,2.976918,1.3093524143046984
00538-3CBBjsNkhqW_0,-4.444982,-2.9073856,1.4953446,2.8619056765019697
00538-3CBBjsNkhqW_1,-2.4246168,0.09261441,3.4471366,1.1054856877250805
00539-zUG6FL9TYeR_0,0.08068034,-0.482769,1.2689533,2.8069816749560808
00539-zUG6FL9TYeR_1,4.590992,2.717231,2.4807768,5.224624474719426
00540-6nvpJEZ8ox5_0,1.4651427,0.17866278,3.7930384,6.188636699897259
00541-FnDDfrBZPhh_0,-0.15876833,-2.4521067,-2.6476834,2.304342612183483
00541-FnDDfrBZPhh_1,-6.3082657,0.04619193,-2.8354776,2.8293722456541883
00542-12e6joG2B2T_0,6.7367487,0.16759115,0.54752374,4.356574577533737
00542-12e6joG2B2T_1,9.912442,3.3675911,-1.5428008,2.191956713287997
00543-1k479icNeHW_0,-8.006014,0.17309299,2.5482764,4.128789859581427
00544-t85xiAt9pao_0,3.2239337,0.09793699,2.4879963,2.9694291949429137
00544-t85xiAt9pao_1,-9.743973,3.097937,1.8058472,4.253258017218924
00545-C2hbxeJWmvX_0,-1.1081568,0.14921513,-2.852178,5.262234966036727
00546-nS8T59Aw3sf_0,6.9299345,-2.8445237,-3.0261416,1.7411752553415245
00547-9h5JJxM6E5S_0,1.6651771,0.16103402,-0.23897514,5.540553911961072
00548-otTm4oTrHvc_0,0.079825416,0.12978184,2.932335,2.8899112902335533
00549-TQSiMZJawkS_0,-4.3695645,-2.4869971,4.501018,5.1823329140535925
00549-TQSiMZJawkS_1,-1.6302648,0.11300278,9.362765,4.800403980810848
00549-TQSiMZJawkS_2,-3.8974166,2.713003,1.2993426,2.751065549417474
00550-k3ohRuM6bso_0,0.5101199,0.023957133,-0.80717003,3.8494077056351275
00551-zwzTbNq7xoW_0,-1.7253458,0.18161929,0.031790078,4.43363243928106
00551-zwzTbNq7xoW_1,0.20993462,3.3816192,-6.3228316,5.989501337243878
00552-eip6PNoeCPr_0,-0.22582266,-2.6113274,0.4318841,0.3571408920457412
00552-eip6PNoeCPr_1,-7.578273,0.18867254,-6.14551,2.657353210888088
00553-qAwGYe2GoZp_0,-4.071293,0.014410764,1.462624,3.8702642157582505
00553-qAwGYe2GoZp_1,-2.3483243,2.8144107,5.2513585,4.697322595951459
00554-rihBP3nC6p4_0,9.679838,-0.0031627864,9.431992,1.057957244383909
00554-rihBP3nC6p4_1,2.5193582,2.8865693,9.353703,4.868019925622391
00555-Y4idBN66BqG_0,6.5861177,0.15188456,0.86891204,2.2466746741714467
00556-saBtfCeVoJ4_0,-0.535819,0.10932422,4.790169,2.7283562664924297
00557-fRZhp6vWGw7_0,5.9516263,-3.0916595,3.281551,4.501979725433232
00557-fRZhp6vWGw7_1,4.5650687,0.1083405,4.94986,0.4561662369915082
00559-53jtKd53a1X_0,-14.032955,0.060772136,8.356571,4.854177874701474
00560-gjhYih4upQ9_0,4.7982044,-2.3712597,-3.4784439,3.5479935831533047
00560-gjhYih4upQ9_1,2.1964693,0.028740406,-2.6250205,4.641657114166229
00561-VhissfC8ggN_0,-0.01712798,-2.4566004,0.38947228,3.74869847024804
00561-VhissfC8ggN_1,11.131766,0.14339948,4.4270926,1.10281756920445
00562-kCHmLFfMDuE_0,6.271099,0.028027847,2.7273517,0.7663673405922689
00563-Bnq6SeZGL5b_0,2.618163,0.18979836,-3.254416,5.081754449804965
00564-hXHUtviUKBu_0,3.0436263,-2.6274776,-2.4932961,4.375053915555726
00564-hXHUtviUKBu_1,4.651336,0.1725223,-2.3158767,4.200032986789927
00565-xc2kFoo9nbw_0,2.1052935,0.16346228,4.7649283,0.9181705355496396
00566-qmvPLqLAgvC_0,0.4947343,-1.7032788,-0.19161236,3.821870176821193
00567-KjZrPggnHm8_0,6.973014,0.08355427,0.76072127,3.9878242710230127
00568-suQdyWFG8g9_0,2.018455,-1.5478997,0.14454257,2.81940448169481
00568-suQdyWFG8g9_1,7.492466,1.892575,2.3243027,5.179832228686447
00569-YJDUB7hWg9h_0,-8.091908,0.121125415,-3.9764988,2.1432391761320173
00570-kyoZhaD9HuW_0,0.60958546,-3.040969,2.535634,1.2801533363081834
00571-w5YEujJKsiy_0,2.4579263,0.031000808,3.1915984,4.600068439015103
00572-dNASL765WSN_0,-1.4341373,0.04277821,5.6146183,5.84855611428975
00573-1zDbEdygBeW_0,-5.229325,0.008964971,-4.224146,4.762421124781565
00573-1zDbEdygBeW_1,-5.229325,0.008964971,-4.224146,2.311977755871775
00574-bXu6SSWkJY8_0,-2.4404745,0.047123984,3.9062884,4.5377151230964206
00574-bXu6SSWkJY8_1,-1.031326,2.847124,2.920826,5.460794995361616
00575-pMntW4YkvvB_0,-3.8617804,-2.5020719,2.9410539,3.5413021484363734
00575-pMntW4YkvvB_1,0.5341774,0.09792805,5.5390525,1.610723341724286
00576-adgwjGh4NQK_0,-1.5008872,0.1306119,1.6485223,1.621582004881732
00577-kdFEfVoT1WE_0,4.5550003,-3.6235833,4.389063,0.7126892042538098
00577-kdFEfVoT1WE_1,5.469711,-0.660424,5.232073,0.46509238472892994
00577-kdFEfVoT1WE_2,5.942591,2.6726406,7.4525433,0.1608539331166655
00578-dTzYwo8Hppu_0,-24.570482,0.14781392,-0.95231235,5.690675616702476
00579-9hJwm8k7Gka_0,-7.0719814,-2.4780927,-3.864094,2.751546179139732
00579-9hJwm8k7Gka_1,-10.402785,-0.07809281,-3.334638,4.103293592523715
00579-9hJwm8k7Gka_2,-8.087067,2.9219074,-1.2704536,0.07361437151794507
00580-xcTV5UHYHFV_0,3.975191,-2.8884354,-6.381923,4.129487378318883
00580-xcTV5UHYHFV_1,3.301346,0.4784596,-2.1203165,3.182718968375999
00581-WpVxtsP4xxA_0,6.9241056,-2.879969,5.08543,0.668075609233065
00582-TYDavTf8oyy_0,0.5412523,-2.6879663,-7.4068117,4.989506924706708
00582-TYDavTf8oyy_1,0.029346228,0.112033606,-6.638954,4.104428385695262
00582-TYDavTf8oyy_2,1.334938,3.1120338,-0.10802692,4.96082352360453
00583-1wypxmRjuUR_0,7.702525,0.041968584,-2.445244,2.4870627830295096
00584-ZxkSUELrWtQ_0,-3.6657207,-2.8192399,-0.08257693,5.150351221567186
00584-ZxkSUELrWtQ_1,-11.232685,-1.2907162,-6.2392077,3.681944728810615
00584-ZxkSUELrWtQ_2,-3.4988437,0.18076015,1.2772006,0.023802127231673572
00585-CxxHb5C8ZsP_0,1.1015902,-2.666255,-0.1640605,5.931678768404894
00585-CxxHb5C8ZsP_1,4.425918,0.13374496,-4.8258796,1.184352436498669
00585-CxxHb5C8ZsP_2,5.4070206,3.1337452,-2.5584555,3.8295281076023624
00586-qSom26FpYzR_0,-1.734514,0.1792121,7.9665623,5.8809550891166875
00587-JUANmB8jduD_0,-3.933294,0.08286434,-0.17226893,1.2427020805987603
00587-JUANmB8jduD_1,-6.618602,2.7822838,-1.24679,5.189565841359037
00588-YWy9hV7RfQB_0,6.9879007,0.12184787,1.7688524,2.736017055568785
00588-YWy9hV7RfQB_1,4.6634426,3.321848,4.653619,4.3822802132162195
00589-NS5SeGunqiK_0,9.100175,0.013686851,-9.889484,4.711806042102444
00590-qgZhhx1MpTi_0,7.1845207,0.1378414,-0.69985884,4.68232858060349
00591-JptJPosx1Z6_0,-3.2742434,0.16929111,-6.4597893,5.533020399552135
00592-CthA7sQNTPK_0,4.5342183,-2.9736328,0.8415315,2.515262093946474
00592-CthA7sQNTPK_2,4.642887,3.2263672,4.1505847,5.617544952128423
00594-1sPp3Wz8TCB_0,0.88238966,0.1691966,-1.757801,1.7470009424957715
00595-TBdN234fGEb_0,-10.184364,0.15757275,3.155295,0.6231729185540645
00596-9SpHCfHaNiG_0,1.3069023,0.1750659,-3.6858747,3.4333090340104047
00597-D8aaq3PH6dG_0,-1.2047573,-2.587179,2.6484153,0.9953794304114811
00597-D8aaq3PH6dG_1,7.6394987,0.81282115,3.5297565,2.383585904548203
00598-mt9H8KcxRKD_0,-5.8451576,0.06705247,-21.988976,3.736793327240335
00599-TiWanpmC63V_0,4.7218556,-2.377885,3.6178703,2.064115049621221
00599-TiWanpmC63V_1,1.2785492,0.022114992,5.6763477,0.3956001354035628
00600-ENhuWpDE5EB_0,4.5671854,-3.0696304,-0.20332034,3.043759373908057
00600-ENhuWpDE5EB_1,3.3452938,0.13036966,1.0789949,1.3339223100936854
00600-ENhuWpDE5EB_2,3.5435562,3.3303697,2.2759717,0.3917292977670103
00601-PjnDyQJJ3eM_0,12.358194,0.13531217,3.2463682,1.150496364954366
00602-XRHpoTZjtj7_0,3.768535,-2.267674,-3.418624,0.8908270988580772
00602-XRHpoTZjtj7_1,4.249615,0.13232613,-4.431302,1.198273043561937
00603-Xfhi9GYbhqD_0,3.9248266,0.13112298,0.9869678,3.500930598127797
00604-W4r5JssudHR_0,-0.9828119,0.12062092,2.8797088,0.5086403235313961
00605-T22dejNjHK7_0,9.657797,0.10135269,-0.17488405,2.446918971717255
00606-W16Bm4ysK8v_0,2.8254611,-0.13557637,2.3377094,2.8548050245035643
00606-W16Bm4ysK8v_1,2.8254611,-0.13557637,2.3377094,4.257737573953498
00606-W16Bm4ysK8v_2,0.09472725,2.8644238,1.5491891,2.1493558222463283
00607-JXdzHne1mRo_0,8.4102955,0.068905115,-3.0182247,1.135123032473747
00607-JXdzHne1mRo_1,7.4920883,3.068905,-3.042523,1.8911626581159333
00608-j2Nms3h9XJv_0,3.7348158,-2.6436477,-1.2636842,1.0299532544997725
00609-x1pTUWx9DPr_0,-5.215905,0.036839202,-1.723398,3.9182705805497635
00610-1EiJpeRNEs1_0,-0.47925863,-2.840546,0.14320196,3.4721191731331835
00610-1EiJpeRNEs1_1,2.1521316,0.1594541,4.986512,4.155541077864604
00611-PXAfUkZGMdU_0,0.76438016,-3.1239748,0.049347043,5.712952682900335
00611-PXAfUkZGMdU_1,-5.856685,0.07602525,-2.6522183,3.933161209965835
00612-GsQBY83r3hb_0,12.837223,0.1359031,-9.610958,1.7918041326400247
00613-s19Uyn7AWwv_0,0.41582683,0.16956258,1.3863938,3.0476731122169354
00614-ki6Cu76pWzF_0,9.76436,0.04721327,-5.1624293,1.4191040430236719
00614-ki6Cu76pWzF_1,2.9691887,3.0472133,-2.9481184,1.9273009164101422
00615-PUNuHY5M7MS_0,-9.445553,-0.024365947,2.4661574,0.038249697426985294
00615-PUNuHY5M7MS_1,-9.445553,-0.024365947,2.4661574,5.8135932917243816
00616-zhzot8MvSjF_0,-8.235118,0.06635301,0.9595224,6.031287312893464
00616-zhzot8MvSjF_1,-1.8198841,2.866353,-0.45378315,2.2310268003047877
00617-AENiMBDjVFb_0,9.9697075,0.014106944,-4.4145193,5.856868456627828
00617-AENiMBDjVFb_1,6.3137236,3.214107,-2.6597195,1.1617707812765645
00618-T4G9hTR5WSv_0,-4.00904,0.03262402,7.6474547,0.45085921161823916
00618-T4G9hTR5WSv_1,-4.32638,2.832624,4.1008873,2.187459107249903
00619-R9fYpvCUkV7_0,-4.975459,-0.23050222,-0.28234357,4.09027439713126
00619-R9fYpvCUkV7_1,0.3021116,2.822209,5.13045,0.7329672065104451
00620-AUkcTmUs8mw_0,-2.5059953,-2.9480586,-0.06385657,4.202304010434566
00621-SAZ4gvMfxm1_0,0.40724012,0.17918837,0.6419184,3.357970806003619
00622-bxwHR9ipFG8_0,9.084525,0.11108905,1.7981769,0.3179417767081804
00623-g7sKCMRfgUS_0,-1.6222106,0.021759704,4.194251,4.276172875724557
00624-ooq3SnvC79d_0,-6.1365767,0.20374918,5.5014853,5.143411905169312
00625-VWczCD1Hbus_0,1.9765432,-2.522771,-1.0939674,5.92640297836758
00625-VWczCD1Hbus_1,-3.0283694,0.07722902,-0.9827217,5.71543061054264
00626-XiJhRLvpKpX_0,20.3771,-2.7604465,6.455647,0.7271428015593454
00626-XiJhRLvpKpX_1,-1.1481447,0.039553642,8.990492,1.574099474991096
00627-b2e31HFFizw_0,4.2643056,-2.5824132,0.8272048,5.876458061852889
00627-b2e31HFFizw_1,0.86751175,0.017586946,2.3969774,5.41331370995187
00627-b2e31HFFizw_2,8.879821,3.217587,2.2447443,2.677122745584617
00628-tjs8mFdJ7YN_0,-4.7618613,0.029581934,-5.4909964,1.1242730400202536
00629-MHYu4LWb6qP_0,1.0126401,-2.657483,1.1992649,2.7678204718446633
00630-SrBPiU6LKxL_0,-7.352231,0.052047253,-12.120994,3.150630187777986
00631-v3tsKAPVLJS_0,3.8167186,-2.0493417,0.30970693,2.877505188197517
00631-v3tsKAPVLJS_1,-1.614826,0.5506582,4.083363,2.3538292874093925
00632-kXAEFtUBNFZ_0,-0.6081275,0.1826356,6.0909986,5.69802372486167
00633-dDyovSFuViJ_0,10.885063,-0.059660517,-2.4324787,3.5736664810855765
00634-A1jHexSJuAW_0,0.47497055,-2.782663,-0.5362965,4.547791692735418
00634-A1jHexSJuAW_2,2.836258,3.0173368,1.3902746,0.36679598884360226
00635-drvaU627cQh_0,-0.06687464,-2.503094,0.86339074,2.5481271574706965
00635-drvaU627cQh_2,-2.652711,2.696906,1.7918541,1.732304822128949
00636-FXuXGH9YQTW_0,6.551942,-0.9185837,10.897788,0.8900230478033646
00636-FXuXGH9YQTW_1,-0.083863035,2.0814164,8.238411,0.5468406418555161
00637-iNpfPhK1sRz_0,-1.7884467,-2.244396,0.16377401,0.9629927201757957
00637-iNpfPhK1sRz_1,-4.593701,0.15560412,-2.6074467,3.6685501380397136
00637-iNpfPhK1sRz_2,-3.0947058,3.155604,0.13088913,5.278801242196955
00638-iePHCSf119p_0,2.7580123,0.1561339,-5.859167,4.564990943120991
00639-AwL2QGztLwV_0,-0.47104442,-0.2377489,-0.8389714,1.0036005232808278
00640-qvNra81N8BU_0,0.5885856,-3.0666358,3.7714787,0.7560637252738822
00640-qvNra81N8BU_1,-6.848811,0.031439304,-4.213878,3.1482509568421895
00642-erfqyP5V4u6_0,1.312522,-3.1541631,-5.1030083,2.317840394921693
00642-erfqyP5V4u6_1,2.7616067,0.045836926,-6.0969334,3.9967656676582175
00643-ggNAcMh8JPT_0,-4.0278196,-2.4825215,0.81797206,5.872092341330483
00643-ggNAcMh8JPT_1,-2.537779,0.11747837,-1.2951653,5.262653761828187
00644-njMGKG4iwRK_0,2.7768836,0.16284944,-1.8242298,3.7820065399751073
00644-njMGKG4iwRK_1,8.69853,3.3988173,-2.6607463,2.467605199761703
00645-rrjjmoZhZCo_0,-1.8365581,-2.611577,1.9957516,4.178893457298548
00645-rrjjmoZhZCo_1,-1.3183212,0.18842292,5.15494,2.2907117179841863
00645-rrjjmoZhZCo_2,-8.9768305,3.1884232,2.2292876,0.5681464585845998
00646-UfhK7KNBg5u_0,2.1203234,0.03829117,0.0931589,4.990519387117279
00647-qpcpnP8TosR_0,-4.4763765,-0.03272593,3.3645482,4.517139192086378
00647-qpcpnP8TosR_1,3.3341377,0.32392776,1.5331504,3.605467593453389
00648-yCCyNxubYcL_0,-7.510639,0.21811056,4.6877365,4.0545468611780775
00649-RiwBKy2YdQ7_0,-3.426069,-2.2736046,9.551243,2.808188511132548
00649-RiwBKy2YdQ7_1,-4.0193863,0.9263954,9.56391,1.5700358924633648
00650-AqGu9nUng3L_0,5.491666,0.08107078,5.0807877,2.5399592011805825
00651-kQVPtf7ACRw_0,1.1351098,-0.29768097,0.7434543,3.1667671482006545
00652-BcZUZQ9t4Fe_0,-5.569403,0.18099505,6.319746,0.05679944101077783
00653-4RuxhXRmb3V_0,-6.9995174,0.009780079,-2.3248854,4.657709712333086
00654-VZy9kKQJcUF_0,5.7022104,0.06662142,3.7743714,2.519080454070763
00655-q33GehreMrX_0,0.22906789,0.013563991,-3.812051,5.219065171927695
00655-q33GehreMrX_1,-7.409529,3.013564,-0.64340913,2.324992180736627
00656-7GvCP12M9fi_0,15.265324,-0.7539188,3.4930518,4.64095650618362
00657-TSJmdttd2GV_0,5.5946355,0.10629654,-1.4280139,1.969757516864363
00658-a3JCmxobR99_0,1.0142596,0.07181199,2.1948485,4.584186513360548
00659-ZVPMj4YoZtK_0,-0.13073418,0.18027917,8.452145,0.2569958299290106
00660-Pmv1pdeirDT_0,10.139901,0.05781647,4.8794875,1.423515735431124
00661-SSwbmq72C21_0,1.7950552,-2.944145,-2.1586287,1.9831526793837144
00661-SSwbmq72C21_1,7.0867023,0.055855036,-3.1820197,1.9982326397174874
00661-SSwbmq72C21_2,8.522282,3.2558548,-4.6033573,1.4008395398480193
00662-aRKASs4e8j1_0,5.97188,0.073370755,-5.0289817,1.0097711931009803
00663-1Rg1SS1dRpG_0,-1.4396627,-3.120273,-4.7955327,2.8154865654385466
00663-1Rg1SS1dRpG_1,-3.6463535,0.079726934,4.0427,4.87409795043481
00663-1Rg1SS1dRpG_2,-0.4497753,3.279727,0.26601118,4.9555993440622395
00664-u5atqC7vRCY_0,-0.74773186,-0.07384071,4.4511576,0.20570599082118501
00665-NBuk4gePdJm_0,3.416249,0.09032841,-8.186298,1.4963230520077393
00666-GNGYKt8XrjF_0,3.1277425,0.06246224,3.2806866,0.9797212905874608
00667-5K2dTSVihN7_0,-3.8723354,-3.102067,2.1109443,4.9944325419745805
00667-5K2dTSVihN7_1,0.23524162,0.38850856,1.0623735,2.675618518525428
00669-DNWbUAJYsPy_0,5.0121737,0.0726327,1.3692952,5.017641449988981
00670-mDdyQ6azhVD_0,3.7533522,0.19935194,1.9889333,2.588081128556039
00671-knPYW3fibqY_0,1.9229326,0.18741956,-0.6297304,5.527184095701733
00672-4L4peQsMgfR_0,-2.608964,-2.6335099,1.6090298,3.5216703883378226
00673-WpAGGyZFqQj_0,0.6103878,-0.1120357,-1.4329648,1.7841445982176554
00673-WpAGGyZFqQj_1,4.0833044,3.301503,-9.18413,5.8394751659888495
00674-y3dZtLZCUvN_0,-9.385239,-2.4151158,1.8209921,4.759441815549436
00674-y3dZtLZCUvN_1,-1.8263209,-0.015115738,2.218122,1.239449354633364
00675-c6TFyURFrL4_0,3.4637537,0.016067147,5.021988,5.3365134557011995
00676-J5SkB2o1ckv_0,-0.4553033,0.12710705,-0.30777657,2.2313778177296975
00677-CnU5RD6PB3E_1,-2.7948074,0.09633815,-1.0993679,0.3532442533966737
00678-aCtdWA5n56Z_0,6.8487787,0.092818454,-2.571685,2.4127161514239335
00679-wFCLkVy4n9U_0,14.121531,0.043365195,4.3061633,0.8002504874326576
00680-YmWinf3mhb5_0,4.428085,0.09659555,-2.755239,2.911693554387507
00681-QE33dvXyf1U_0,-7.2623625,0.11802712,-2.869398,5.337707494056867
00682-6r9GfBG7u1g_0,-0.26469713,-3.1139612,-4.730528,3.421017392065089
00682-6r9GfBG7u1g_1,-6.748801,0.08292669,-4.310968,3.2549707958564364
00683-KCvzhHEhdwB_0,1.3472592,-0.68549865,-3.5249386,5.286116929945625
00684-D5dEbkUphhr_0,0.76527494,0.09503503,4.195112,4.775205833665797
00685-ENiCjXWB6aQ_0,0.20982988,0.1888131,14.142914,5.461699112820074
00685-ENiCjXWB6aQ_1,-0.07947977,3.788813,10.867033,3.337726955923637
00686-LU4A39yR8gc_0,3.160369,0.10140912,1.8604798,2.528628883154265
00686-LU4A39yR8gc_1,-2.7087266,3.2369485,1.341603,4.040467085355769
00687-tj8ngv3woJ3_0,0.6417208,0.18381298,-4.554878,1.0846225737486976
00687-tj8ngv3woJ3_1,0.6417208,0.18381298,-4.554878,3.5724047343174514
00688-SgkmkWjjmDJ_0,8.740942,-2.5566664,-0.2506653,2.328987941536163
00688-SgkmkWjjmDJ_1,10.08111,0.04333353,-2.2148056,3.9366478745018747
00689-d88Sc1udFcZ_0,11.16604,0.09317805,6.798314,5.227751773461795
00690-p6RF8AUer2e_0,-0.30680063,0.15906498,-2.4054134,3.6216392026686313
00691-MyxM6trMBUH_0,5.3825426,0.06450415,4.0072126,1.7485147371594452
00691-MyxM6trMBUH_1,-4.2537274,2.6645043,-5.1058183,4.544564539030115
00692-APXAdV48nKT_0,6.5611696,0.15009806,-2.7099023,4.919374860173014
00694-Lva3QmSMsTr_0,6.8341002,0.017376617,-2.9548028,5.990653835625246
00695-BJovXQkqbC3_0,4.347288,-2.521764,0.12862863,1.1539510892175062
00695-BJovXQkqbC3_1,-4.5272837,0.078235865,-2.7203813,2.38092870139884
00696-DsEJeNPcZtE_0,-2.4142895,0.2040599,-6.1948566,2.0856700684289176
00696-DsEJeNPcZtE_1,-2.4142895,0.2040599,-6.1948566,2.7945355670161858
00697-5vUupbRRdyH_1,-2.1293793,0.17100859,-1.5093428,4.383478178814418
00697-5vUupbRRdyH_2,3.7869453,2.7710085,-1.6032777,5.243067511844659
00698-SrHVAbHUpUX_0,-0.55268,-2.5862746,1.1971514,1.7107144660849438
00698-SrHVAbHUpUX_1,-3.4922757,0.013725281,1.1894776,3.9848762409533394
00698-SrHVAbHUpUX_2,-12.3263235,3.2137256,3.7450902,5.735035468231825
00699-gyK27yu7CP4_0,-0.487356,-2.4008808,7.3713417,5.739678957200837
00700-aosjAwX5Lnq_0,-9.154276,0.04966083,3.9440138,1.1227769757743795
00701-tpxKD3awofe_1,-0.7354666,0.42013913,-3.085219,1.307789925549679
00702-wCqnXzoru3X_0,-5.938817,0.07149115,1.3215076,3.8418352441020827
00702-wCqnXzoru3X_1,7.862788,3.2714913,0.5815445,2.076783991687468
00703-xvDx98avcwd_0,6.455966,0.06151104,-5.5483885,1.3447160293422222
00703-xvDx98avcwd_1,6.0943894,3.2615108,-1.5883565,0.03711930524849784
00705-2XVvKEDd54w_0,2.450611,-2.819469,4.3452864,2.038158073386091
00705-2XVvKEDd54w_1,4.6308556,0.18053102,1.6047788,2.408108127429813
00705-2XVvKEDd54w_2,-5.4509544,3.1805313,2.4588184,0.4525238248142935
00706-YHmAkqgwe2p_0,-5.4330397,0.079488635,-0.5834061,0.9259122139054923
00707-XVSZJAtHKdi_0,7.746395,0.13558331,-3.814815,4.030519759385079
00708-eUJx9a4u63E_1,-1.6421071,0.13300014,3.7933605,3.9800358368862745
00709-8LLjiNrWzJ9_0,-12.906522,0.028971665,-5.3589706,4.81079745172291
00710-DGXRxHddGAW_0,-4.8442383,-1.2127911,1.1744814,4.5571251381415
00711-tTcuEfoAQXv_0,6.090456,-2.441447,-3.438558,3.4832616742942326
00711-tTcuEfoAQXv_1,1.6732616,0.15855289,-0.51784986,3.8783047853310255
00711-tTcuEfoAQXv_2,-0.7000016,3.1190822,-1.688968,4.306400307217792
00712-HZ2iMMBsBQ9_0,3.1459658,0.19644482,-0.8911834,0.4926997219210997
00713-kxWk8ZMDE1N_0,1.7739809,0.110927776,8.662143,1.2649605123055048
00714-Nf3aGQTDAA1_0,-2.2152328,-8.231703,0.80319476,3.64061954512354
00714-Nf3aGQTDAA1_1,1.8810427,-1.2317023,1.7113023,0.39056786534771787
00714-Nf3aGQTDAA1_2,1.8895038,5.53414,1.759527,1.4923159691133323
00715-kjUg7BaQF1C_0,1.0463346,0.009022906,-4.075233,4.367996990279696
00716-VaEwVD182FS_0,-0.027843632,0.045112133,-2.718348,2.234733914021874
00717-wtaQdtXzYtD_0,-3.7429316,-2.607298,0.8192458,1.240489290052632
00717-wtaQdtXzYtD_1,-3.773304,0.19270205,-0.9945516,0.7173302565635353
00717-wtaQdtXzYtD_2,-2.0946128,2.792702,-4.6674423,0.5789055540146147
00718-ASKXmHbw68X_0,-1.2138724,-2.665976,0.6040246,2.4267204968796965
00719-CKbwkKufMWM_0,0.94852024,-2.8495414,-1.6094234,4.216571105626977
00719-CKbwkKufMWM_1,5.430894,0.15045834,-1.6578306,1.883476892181576
00719-CKbwkKufMWM_2,2.8557572,3.061236,-0.42284358,5.246143472866575
00720-8B43pG641ff_0,-1.083091,0.05302763,0.36279058,5.033233268155318
00721-YGc1h9nNrJP_0,-0.62667906,0.18119755,2.3048644,2.561805809463731
00721-YGc1h9nNrJP_1,0.65050876,-0.01880245,-0.4235528,1.984896295014984
00722-EU6QPFpqdoU_0,-1.7940618,0.09931201,-5.079294,4.451220532546376
00723-hWDDQnSDMXb_0,1.3612009,-2.1585479,0.2984225,3.715864126465336
00723-hWDDQnSDMXb_1,-8.274208,0.04145217,9.046461,6.066786556000105
00724-H77MhktmmAF_0,4.2751594,0.100485235,0.98303545,1.6590148875159216
00724-H77MhktmmAF_1,5.314085,3.3004854,3.4367943,5.231100739450503
00725-5uXtMs57HmZ_0,0.18490815,-2.7369509,-0.8561135,5.464621062282189
00725-5uXtMs57HmZ_1,-6.1687174,0.06304908,-3.6638014,0.9154358122623498
00726-sNikFfBW8zM_0,5.5067058,-1.1658278,3.7001321,1.5582588770915347
00726-sNikFfBW8zM_1,-4.9291363,0.1360656,0.7433765,2.034870585956203
00726-sNikFfBW8zM_2,6.442513,1.7360656,0.50701314,2.2290894854109613
00727-WEDXu8bWRkq_0,-8.873333,-2.9250202,-1.6868438,2.9880716503402267
00727-WEDXu8bWRkq_1,-4.249898,0.07498002,1.3733734,2.812790827431799
00728-rWHyWNc6ZbZ_0,-6.950392,-2.5064,0.6982299,3.5115384624034274
00728-rWHyWNc6ZbZ_1,0.12671337,0.15243101,2.4646938,0.6362791740677588
00729-PyZonHqd5gy_0,-0.75134236,-3.3240826,9.993502,4.2629849902607555
00730-UYrgg12a7QN_0,4.8105016,0.09486389,0.99401116,2.403768930965643
00730-UYrgg12a7QN_1,3.1332436,3.0948641,5.640339,1.6746125822071372
00731-oXzJVhUhmYe_0,9.693251,-2.4023795,-2.993403,2.088210030083612
00732-Z2DQddYp1fn_0,-0.18172179,-2.8477356,-3.466795,0.5870009022882451
00732-Z2DQddYp1fn_1,0.34331098,0.15226436,0.39156651,3.145874904529888
00733-GtM3JtRvvvR_0,7.6628222,0.118062645,1.8665988,3.6702874962462224
00734-4dtmWCb8CDk_0,-0.49517065,0.033992887,-2.2854533,4.037205133401566
00735-ypcVfePF8TG_0,3.121628,-1.4391491,7.308902,6.199600189661856
00735-ypcVfePF8TG_1,-0.16304436,0.011674762,-4.137998,1.743332439437821
00736-h5VYFcePkbn_0,1.5523472,0.026736215,1.117781,5.023264837563431
00736-h5VYFcePkbn_1,-9.510478,2.8267362,-4.3561482,5.802740168312934
00737-ZhXWtW1gd6c_0,-9.266432,0.063146785,-1.1694682,0.4894828684537915
00738-GPyDUnjwZQy_0,-0.9796543,-2.5526624,1.0668119,1.1028339491588182
00738-GPyDUnjwZQy_1,-6.3880796,0.047337532,-0.3131451,4.080187354458951
00738-GPyDUnjwZQy_2,1.8890901,2.8473377,0.7976259,0.41565506399960533
00739-MfkErJj6CHF_0,4.0244064,-2.884669,-4.0775595,2.628347065892549
00740-cFqWyQ4Y9hT_0,-3.1706545,0.03703113,1.8051304,5.789613032896631
00741-w8GiikYuFRk_0,-9.021949,0.11857846,-7.4766994,3.017973527413134
00742-aYhkzj2fEhP_0,-5.9298096,-2.521685,-1.1750771,4.007408834441551
00742-aYhkzj2fEhP_1,1.1075075,0.07831502,-0.35195318,3.41312171682301
00742-aYhkzj2fEhP_2,1.5075344,3.0783153,-0.26849127,2.486740891549652
00743-31DHHWieDMS_0,18.076359,-0.104214475,6.3373475,5.250251007614146
00743-31DHHWieDMS_1,15.728134,2.8957856,0.472653,3.8343950774826334
00744-1S7LAXRdDqK_0,-9.034823,-2.5479147,-0.8701987,5.982496782643684
00744-1S7LAXRdDqK_1,-9.494832,0.19159937,-4.7618246,3.642666859869059
00745-yX5efd48dLf_0,0.2367943,0.05998397,0.13298422,4.728784869915115
00746-RTV2n6fXB2w_0,3.6351252,0.09139084,0.5978423,1.4921529063044043
00747-ZKqtodH1qpa_0,-0.032885045,-1.5399055,-6.060301,2.4963071314149663
00747-ZKqtodH1qpa_1,-8.413107,1.6600945,-5.6890774,4.4493524222625105
00748-8QtyGUUtacf_0,-5.677646,-1.9796058,-0.013651967,4.414726135566829
00748-8QtyGUUtacf_1,-8.549204,0.8203943,-2.6229517,3.737721042832257
00750-E1NrAhMoqvB_0,0.25272745,0.062178254,0.69083923,2.562094905617737
00751-DZsJKHoqEYg_0,0.5120184,0.19337542,0.2665887,5.367596098367333
00752-vKuDtqxh7YQ_0,18.668139,-0.1260226,-1.1967067,1.444122455484018
00753-hTTnuAeSN6d_0,0.7083796,-0.039665982,-4.6464396,2.1224327303877866
00754-EqZacbtdApE_0,1.7932796,-2.488179,-0.45150033,5.093689609197479
00754-EqZacbtdApE_1,0.28098384,0.111820936,-4.805708,0.17435567328666068
00755-UAGeBzZJgkU_0,2.4210188,-0.30226308,7.548644,5.669227919750658
00755-UAGeBzZJgkU_1,0.1093514,0.16297701,1.332493,3.541496095098871
00755-UAGeBzZJgkU_2,-1.3633294,2.897737,6.9453406,0.9146933271246027
00756-1K7P6ZQS4VM_0,-1.9776119,0.18942967,5.259063,3.3797986211683066
00756-1K7P6ZQS4VM_1,1.2509295,2.7894297,4.725024,4.8620086518481935
00757-LVgQNuK8vtv_0,-4.1702404,-0.00634408,0.29031044,5.192459679999483
00757-LVgQNuK8vtv_1,-4.1702404,-0.00634408,0.29031044,5.513038116364521
00757-LVgQNuK8vtv_2,-2.034815,2.793656,1.5299544,5.625311628405007
00758-HfMobPm86Xn_0,-17.697428,0.34596407,-8.369816,0.9753141115137514
00759-8iCxzGNmp4g_0,5.978361,0.20738801,-1.0931728,0.3441631716394472
00760-5Poh4Qz68hd_0,-1.6526594,0.26719353,-3.8350554,3.611031933505897
00761-s7kPJndncRy_0,-10.788794,0.1382881,0.94795746,4.23659646514966
00761-s7kPJndncRy_1,-6.3751454,3.138288,2.8784704,0.9146287112316949
00762-33ypawbKCQf_0,6.23463,0.08034003,2.8387654,1.6159207916228726
00763-pVnwDTdMD3h_0,-9.483315,-3.011206,3.5567198,0.8970062610865288
00763-pVnwDTdMD3h_1,-1.4843525,0.18879414,2.8096821,1.4200210708451617
00764-rzzVnFnBLtg_0,0.40607253,0.052650645,3.1885037,6.154254171969663
00765-AuGMayXVFkc_0,1.6889838,0.068214014,5.2351484,1.3033208144138735
00766-XxbS57Z6PDU_1,0.3671739,0.19020534,1.0775266,3.54438909943376
00767-Yr35Q49vqwV_0,-7.952962,-0.16129789,4.5694056,5.554406442937582
00767-Yr35Q49vqwV_1,-8.684423,3.0387022,4.3368645,5.291090323559931
00768-Gg8W275oKZE_0,8.119132,0.12517558,3.4794326,6.1327594691497
00768-Gg8W275oKZE_1,8.119132,0.12517558,3.4794326,0.5231418082962523
00768-Gg8W275oKZE_2,4.899767,3.594803,3.3549333,1.9217225052023763
00769-F1Vhvu3osn6_0,4.2595673,0.08821006,-1.0000285,0.6928513959446877
00769-F1Vhvu3osn6_1,4.9999576,3.08821,-0.5549755,0.5266211771322067
00770-NBg5UqG3di3_0,-3.9823506,0.10685313,8.644931,1.815906969299427
00771-8oSQng53cGV_0,-4.203369,0.09208496,3.524486,1.639288679492058
00771-8oSQng53cGV_1,-10.719408,2.892085,2.4654849,4.218933166713975
00772-zJ3fVx3BZYR_0,-10.003525,0.08532086,7.9130745,4.958898015377645
00773-9K1WbyTZ456_0,9.093051,-2.5857716,1.9194818,0.25828492309253026
00773-9K1WbyTZ456_1,1.2071815,0.033767525,0.5112996,3.315809232219022
00774-S3YyrKoJ7k6_0,6.817647,0.09390345,-1.173398,4.291273450528517
00774-S3YyrKoJ7k6_1,1.322272,2.8939035,-4.7117085,2.197084274339449
00775-3z5dc2yzyCb_0,-1.0027189,-1.3584154,6.4322824,0.27421217493591127
00775-3z5dc2yzyCb_1,-1.4791389,1.4415846,5.76832,2.183415181625833
00776-qxwfVS8MQ67_0,-5.5213,0.19071701,3.228619,4.611403650038695
00777-N17ddiDvJr9_0,-6.104925,-0.00605087,3.8429484,2.4859513246714373
00777-N17ddiDvJr9_1,-6.104925,-0.00605087,3.8429484,4.42095243919252
00778-vj4rZPfVjBQ_0,-2.7394893,0.015249208,1.7049282,0.41065183096725194
00778-vj4rZPfVjBQ_1,-8.860977,2.8152492,-0.3751952,4.016065819345518
00779-3YSDRj9kTU7_0,-3.8207278,-2.8678715,-0.2915549,5.009385615211254
00779-3YSDRj9kTU7_1,-0.56142366,0.13212848,1.1004909,1.564330618340193
00780-3iZkJUc7KhX_0,-7.120896,0.077313855,-3.5441973,5.458150702231018
00781-6TPCFES8fhh_0,-5.8532495,0.1648384,-2.3518195,0.09558933338348659
00782-oQPVc6vwgaq_0,-2.9370122,0.044228002,4.854449,3.7010352836056803
00783-J9adB1bm54A_0,5.181291,-3.0742831,5.090076,6.2407625139283605
00783-J9adB1bm54A_1,13.671484,0.12571716,0.31615803,4.023885782730574
00784-pYGGNqSbHp1_0,-10.988593,0.156135,7.4728746,4.870761531750721
00785-AdNTcRg3THp_0,9.543958,0.15912572,-0.29039744,5.602592764505115
00786-E9hxHD5h4FY_0,1.6553066,-0.55470735,-18.101969,2.282528294964201
00786-E9hxHD5h4FY_1,3.8791595,0.045292675,-5.152093,3.027749407946304
00787-S9M7ybC5ZHu_0,-1.017918,-2.5002236,1.2757534,1.3222493757575329
00787-S9M7ybC5ZHu_1,-3.5543644,0.09977627,2.2829673,5.223706046432603
00788-BEuB32yj7Fb_0,0.41290066,-2.9866567,6.1170006,0.5479057584910196
00788-BEuB32yj7Fb_1,5.070993,0.013343334,8.163298,5.61038525438273
00789-UAByLdpaokx_0,1.7856063,0.036453024,5.641161,5.43751371456161
00790-qQgcM8T4hiD_0,-0.9350741,0.03706403,4.77206,2.7880145155016747
00790-qQgcM8T4hiD_1,-5.7051,3.7999525,-0.15443632,4.2368952747789175
00791-JPMDv7zL4bF_0,9.141312,0.08649601,-3.4254103,4.4404767035169534
00792-4tdJ3qe1x7P_0,62.8146,1.8022041,15.1384115,0.44611039056936513
00793-NRsmXFcVTbN_0,1.5046055,0.047975972,-3.487846,5.805225232602982
00794-WRphMcFxfhe_0,2.4134848,0.121667996,-3.6527667,6.275611892865159
00795-awcRF7AZnJu_0,-0.95178986,-4.5228744,0.61139625,5.1667998847759415
00795-awcRF7AZnJu_1,0.8249223,-1.7228742,0.020422678,1.0185531552414127
00795-awcRF7AZnJu_2,8.754583,1.3987677,-2.9872117,3.4059579670133173
00796-m49MsVC7BwA_0,0.12472756,0.08744712,-1.7886844,5.817648675164396
00797-99ML7CGPqsQ_0,0.92313176,0.0733697,-0.3710086,2.0068207174638486
00798-bpqKLXHnxei_0,26.699097,0.09833093,-0.22258699,2.2286727612573913
00799-deNrXzuSss5_0,-3.803407,0.036349297,5.638959,0.49692908891765947
00799-deNrXzuSss5_1,-0.037242264,3.2363496,-1.8679044,3.729737396077194
00800-TEEsavR23oF_0,-11.187156,0.16337794,-1.8610693,5.868504046652749
00800-TEEsavR23oF_1,-4.8688474,3.163378,-1.8824364,1.4597667021945435
00801-HaxA7YrQdEC_0,0.9829351,0.05124797,1.5344708,4.702251433272349
00802-wcojb4TFT35_0,-1.8432028,-2.20508,-7.641669,3.6395074187512453
00802-wcojb4TFT35_1,-2.1400356,-0.35352722,-15.532101,3.972877347644054
00804-BHXhpBwSMLh_0,9.519747,0.20165431,2.3568242,1.2960515399318908
00805-SUHsP6z2gcJ_0,6.8629837,0.12395659,-2.80013,1.1464087055187813
00806-tQ5s4ShP627_0,-2.2358584,-3.294422,3.7940946,1.0262692672655573
00806-tQ5s4ShP627_1,-4.3332205,0.105577946,0.31782463,3.7756801028418616
00807-rsggHU7g7dh_0,-7.0921516,0.0067908764,9.6697445,6.1801988155747845
00808-y9hTuugGdiq_0,8.6706,-2.7386093,4.5037336,1.2837899306349396
00808-y9hTuugGdiq_1,-9.323147,0.06139064,2.46418,1.0241599313206105
00809-Qpor2mEya8F_0,5.78557,0.100943804,-0.063321374,1.250151769596573
00809-Qpor2mEya8F_1,2.4463258,3.146471,-2.8943777,6.194296638604556
00810-CrMo8WxCyVb_0,-6.6304617,-2.8999355,6.697196,4.284401207942008
00810-CrMo8WxCyVb_1,-4.94571,0.100064516,-0.15812755,3.931151619863891
00811-7UrtFsADwob_0,2.150187,0.15538967,-2.513238,3.216746393938892
00811-7UrtFsADwob_1,-7.22472,2.863505,-2.2005606,4.59727488441808
00812-mma8eWq3nNQ_0,3.3259068,0.02690506,-4.0400176,3.317086175182673
00813-svBbv1Pavdk_0,5.861995,0.07754743,1.5379543,1.3025186637781814
00814-p53SfW6mjZe_0,-0.68354785,0.23761435,-0.43418276,3.3055575210083905
00815-h1zeeAwLh9Z_0,5.355986,0.049023435,-7.635682,4.368815646081575
00815-h1zeeAwLh9Z_1,6.774781,2.6490233,-6.2353067,5.393753878393199
00816-q3hn1WQ12rz_0,-2.9913902,-2.7537348,-1.709769,1.3719899046623583
00817-X4qjx5vquwH_0,-2.3459578,-2.9274917,-6.84258,4.680378498341742
00817-X4qjx5vquwH_1,4.590684,0.072508335,-3.3437421,2.5302197258174304
00817-X4qjx5vquwH_2,-6.8854012,3.2725084,-4.9622498,3.623386274215103
00818-rJhMRvNn4DS_0,-5.9829006,0.033328533,-2.6659908,4.950405015552669
00818-rJhMRvNn4DS_1,-0.12401914,3.0333285,-2.2404628,2.566833083857202
00819-6D36GQHuP8H_0,0.97887653,0.04951039,-0.039057687,1.9861204686335607
00821-eF36g7L6Z9M_0,1.8549653,-3.4702485,2.4026496,4.7844920387852214
00821-eF36g7L6Z9M_1,0.13414371,0.12975144,-1.3702505,1.9241379863057981
00822-nrA1tAA17Yp_0,1.0204275,-2.3189838,7.929843,4.042147743870499
00822-nrA1tAA17Yp_1,2.1271987,0.0810163,9.444323,5.092032687081584
00823-7MXmsvcQjpJ_0,-0.9542411,-2.1703603,-0.48225513,1.2942661374022346
00824-Dd4bFSTQ8gi_0,6.2730713,0.0688231,0.75271416,2.7442841794017454
00825-jgPBycuV1Jq_0,-0.66433024,-2.2625773,-3.3818169,2.1918348488064128
00825-jgPBycuV1Jq_1,-2.6485727,0.11193914,2.4028184,5.895442525396155
00826-BFRyYbPCCPE_0,-3.0320098,0.17934048,1.0901104,3.4473487783143035
00826-BFRyYbPCCPE_1,-3.0320098,0.17934048,1.0901104,3.4967515392697512
00827-BAbdmeyTvMZ_0,0.87084997,0.1952093,0.44111353,2.5195948582860086
00829-QaLdnwvtxbs_0,4.9552393,0.13573912,-1.4977374,2.022486437375847
00830-5jp3fCRSRjc_0,-3.7001874,0.008625418,2.5847845,0.958695889222224
00830-5jp3fCRSRjc_1,9.122242,3.2086256,5.740746,5.924525140945106
00831-yr17PDCnDDW_0,-7.979458,-0.95161164,-5.546536,1.184930644886834
00831-yr17PDCnDDW_1,-15.479692,2.5480905,3.8890874,4.788504147264004
00832-qyAac8rV8Zk_0,1.190973,-2.580797,1.6932534,1.2234120920689489
00832-qyAac8rV8Zk_1,-6.4967737,0.019202948,0.24013501,3.5422681108175413
00832-qyAac8rV8Zk_2,-1.1642126,3.219203,2.9107265,5.20002854232619
00833-dHwjuKfkRUR_0,5.9503236,-1.0257125,1.8202443,4.354059484160275
00833-dHwjuKfkRUR_1,6.3964987,1.9742875,-4.572336,5.268190556747753
00834-AWUFxHEyV3T_0,4.0971146,0.102553874,0.35815609,6.246224681602492
00835-q3zU7Yy5E5s_0,-4.6942983,0.035219565,-0.08570243,1.506798728069416
00836-7GAhQPFzMot_0,3.9266677,-2.425724,-0.64037323,0.3487610005703834
00836-7GAhQPFzMot_1,-0.1132967,0.17427588,-3.6428993,5.2390095986871765
00837-vBMLrTe4uLA_0,9.285944,-2.711025,2.7178636,5.315793098264994
00837-vBMLrTe4uLA_1,1.7895181,0.08897495,3.5004306,5.640395720785935
00838-kJJyRFXVpx2_0,-0.27444085,0.10492405,4.3878665,2.2524335007387535
00838-kJJyRFXVpx2_1,0.20366748,3.504924,5.215725,5.621843088311883
00839-zt1RVoi7PcG_0,4.9137206,-2.8870633,9.060126,0.846649878172343
00839-zt1RVoi7PcG_1,5.2877994,0.112936735,8.272663,3.007365904372437
00840-z9YwN9M8FpG_0,0.8439617,0.19805288,-2.8151758,3.1820289056121003
00840-z9YwN9M8FpG_1,6.564996,2.9980528,1.1198353,0.41632617828919255
00841-SByzJLxpRGn_0,2.3253586,-2.5461676,-0.43530324,2.5293897265547134
00841-SByzJLxpRGn_1,1.313567,0.053832293,0.1791138,1.671484109258793
00841-SByzJLxpRGn_2,1.5744367,2.8538322,2.0632281,1.9353064791539496
00842-hkr2MGpHD6B_0,-1.4498838,-2.3820176,6.0790105,5.508776117717148
00842-hkr2MGpHD6B_1,-0.700632,-0.18201756,-3.506241,5.404556275370285
00843-DYehNKdT76V_0,-0.7999384,0.13650686,-0.95687854,2.1391710613932906
00844-q5QZSEeHe5g_0,4.8369846,0.15387702,0.20862587,3.606058482266557
00846-LNg5mXe1BDj_0,2.6044805,-2.390016,-0.19572026,2.449061664082827
00846-LNg5mXe1BDj_1,6.513233,0.009984016,-4.169316,3.0298804215386816
00847-bCPU9suPUw9_0,5.0517354,-2.519777,-0.93032324,3.9690917393026592
00847-bCPU9suPUw9_1,5.4379535,0.080222845,1.632219,1.0118207861111677
00848-ziup5kvtCCR_0,5.556134,0.021223173,2.9873421,1.8869260867143962
00849-a8BtkwhxdRV_0,0.011167198,-1.8091916,0.48051947,1.8018464592070835
00849-a8BtkwhxdRV_1,0.68760973,1.1908085,1.7163844,3.826601852810806
00850-W7k2QWzBrFY_0,-7.615614,0.05454226,-1.9296728,3.487969730662825
00851-YRUkbU5xsYj_0,-4.5353394,-2.8908265,-0.2613632,0.4044325896866871
00851-YRUkbU5xsYj_1,-4.0148525,0.10917354,5.8689294,3.8880302627765104
00851-YRUkbU5xsYj_2,-5.173416,3.5091736,0.19590211,6.062554703881047
00852-T6nG3E2Uui9_1,-0.69531363,0.008689165,-5.5800776,3.0205731356598764
00853-5cdEh9F2hJL_0,2.5233655,0.01840344,0.3603441,3.523774308097165
00854-SiKqEZx7Ejt_0,3.7455485,-1.2576578,-3.6002371,2.543229677508104
00854-SiKqEZx7Ejt_1,2.214911,1.9423423,12.558775,1.9040988061860624
00855-c5eTyR3Rxyh_0,6.0534515,-0.25254187,-2.8405852,4.851570653235857
00855-c5eTyR3Rxyh_1,6.2777224,-0.086896315,-3.55595,4.754865937602046
00856-FnSn2KSrALj_0,4.074717,0.107608035,-1.6177673,6.222762622039339
00857-L53DsRRk4Ch_0,1.522206,0.061117366,0.6604498,3.6374593833057967
00858-cYkrGrCg2kB_0,7.288953,-2.9964547,4.092227,4.727688635182822
00858-cYkrGrCg2kB_1,7.436992,0.2035451,-0.28631848,5.2094244394894105
00859-3t8DB4Uzvkt_0,7.508449,-0.04343307,-11.335782,1.9898394572942657
00859-3t8DB4Uzvkt_1,7.508449,-0.04343307,-11.335782,2.499652337351975
00859-3t8DB4Uzvkt_2,1.2664498,2.756567,3.0246987,4.215460870313596
00860-RJaJt8UjXav_0,3.221987,0.13196006,-4.638191,4.016680231611262
00861-GLAQ4DNUx5U_0,-6.3804393,-1.5928867,4.406638,1.778714823256995
00861-GLAQ4DNUx5U_1,-7.9638166,1.2071133,0.16437751,2.667062242215037
00862-LT9Jq6dN3Ea_0,-10.660493,-3.0939717,3.7574785,5.442708458633117
00862-LT9Jq6dN3Ea_1,-2.4474936,0.10602832,2.8766708,3.4987485465023993
00862-LT9Jq6dN3Ea_2,-4.9724913,3.3060281,2.8822145,3.6839145818922394
00863-b28CWbpQvor_0,-11.396481,0.15163875,18.38539,1.193797121760466
00864-QHhQZWdMpGJ_0,-9.2984295,-2.48824,2.3148584,4.807608033887908
00864-QHhQZWdMpGJ_1,-7.042385,0.1117599,0.04689406,4.5205754344650835
00865-fsQtJ8t3nTf_0,-4.669194,0.048789695,-3.0793295,4.011078021082424
00866-XNeHsjL6nBB_0,-2.639334,0.039130405,4.99327,0.28816332604022027
00866-XNeHsjL6nBB_1,-1.4173212,3.4391305,9.201697,5.150958722827906
00867-uLz9jNga3kC_0,2.5879145,-2.645273,3.922389,3.1706364519346777
00868-vd3HHTEpmyA_0,-0.6426732,0.038851023,2.5756412,2.1430854341462697
00869-MHPLjHsuG27_0,-0.25447527,-1.413941,7.4902706,5.436978244369302
00870-AYpsNQsWncn_0,-3.7911294,-2.4725568,1.8041658,4.288733292765477
00870-AYpsNQsWncn_1,-9.168837,0.43634838,3.61031,5.014192345565469
00870-AYpsNQsWncn_2,-2.779265,3.274759,3.381241,2.333218757606546
00871-VBzV5z6i1WS_0,6.224324,0.046541885,-4.7775216,0.19188013864918563
00872-F7EAMsdDASd_0,2.4977295,-1.4922559,-3.2545972,3.8841728027880214
00873-bxsVRursffK_0,-5.036356,-2.9753249,-2.165864,0.33943454604236817
00874-uSKXQ5fFg6u_0,0.06254938,0.007733181,3.7255733,0.2921040778407111
00874-uSKXQ5fFg6u_1,0.06254938,0.007733181,3.7255733,0.3205040953513101
00875-66seV3BWPoX_0,-6.838977,-3.1361134,-3.543208,4.49615728745272
00876-mv2HUxq3B53_0,2.2401626,0.050354525,5.163183,2.281130887892389
00877-4ok3usBNeis_0,0.63180035,-0.5355252,4.6270556,5.473131472131573
00877-4ok3usBNeis_1,5.3398275,2.0644748,3.3362005,5.473859708557711
00878-XB4GS9ShBRE_0,-0.4522679,0.19612908,-0.2499533,0.27273737906420853
00879-7Ukhou1GxYi_0,0.50216913,0.15116894,-9.793452,0.006178716186461926
00879-7Ukhou1GxYi_1,0.50216913,0.15116894,-9.793452,0.38842531569640454
00880-Nfvxx8J5NCo_0,-7.7608232,0.18085708,-0.6542071,0.7025401355843037
00881-u1bkiGRVyu9_0,-1.7071517,-2.7259047,-5.266204,1.5073627219571528
00881-u1bkiGRVyu9_1,-6.7575088,0.07409525,-4.033652,3.911689287583788
00882-rXXL6twQiWc_0,10.269361,0.05100417,-4.494282,1.6313225956812476
00883-u8ug2rtNARf_0,4.4740987,0.16249123,-5.016175,1.9783959242108087
00884-XMHNu9rRQ1y_0,7.3137674,-3.0802727,-0.8275887,0.75303793419289
00884-XMHNu9rRQ1y_1,-0.44363523,0.119727135,-7.0669127,4.345774121565135
00885-dVW2D7TDctW_0,-0.50457764,-0.0059389323,0.8647865,3.3559315795146745
00885-dVW2D7TDctW_1,-0.50457764,-0.0059389323,0.8647865,3.150201469165352
00886-TPhiubUHKcP_0,1.7570547,0.16253698,-5.4122844,3.6959152134323388
00887-hyFzGGJCSYs_0,11.987663,-3.124069,-2.696568,1.9313498822081945
00888-hDBqLgydy1n_1,0.25475687,-2.9858055,-0.63769305,1.2391873096782102
00889-HMkoS756sz6_0,4.5974793,0.17125812,-2.098402,0.4597945184509623
00890-6s7QHgap2fW_0,1.72005,0.099435836,-3.728296,3.413241561629255
00890-6s7QHgap2fW_1,0.5848402,2.899436,-3.6347103,4.030467373934824
00891-cvZr5TUy5C5_0,-2.1239834,-2.9278362,4.528713,3.586292657630997
00891-cvZr5TUy5C5_1,-1.6179307,0.07216382,1.7596223,4.195587556073138
00891-cvZr5TUy5C5_2,-8.529897,3.072164,6.097624,6.128419938651978
00892-bzCsHPLDztK_0,-4.283883,-0.01771462,5.1431932,5.454206975436014
00892-bzCsHPLDztK_1,1.8270109,2.5822854,3.9420733,5.7436963339089235
00893-yZME6UR9dUN_0,-9.161071,-3.0308259,-2.3729906,5.615590385086168
00893-yZME6UR9dUN_1,-2.213728,0.15830564,-2.5601387,4.311756239796011
00894-HY1NcmCgn3n_0,6.036859,0.095812425,0.37671444,0.47561830663253907
00895-auFeVz9Go4m_0,4.566064,-3.1982737,0.89184844,5.566238567243551
00895-auFeVz9Go4m_1,0.39474648,0.20172644,1.3228095,0.10707611814380136
00896-5hGmubEE6ZF_0,7.572452,0.10841484,-0.96169543,3.8923628164260737
00897-LEFTm3JecaC_0,-1.0925398,0.1337657,0.4259328,2.044524210023315
00897-LEFTm3JecaC_1,-3.885715,2.7337658,1.6892884,0.8129978867280393
00898-8CRYizAb6yd_0,-0.02039057,0.10939093,1.2685413,2.189473983006695
00899-58NLZxWBSpk_0,2.6420038,-2.573415,-0.9277109,5.007998220548622
00899-58NLZxWBSpk_1,-4.411166,0.026584864,-1.8034968,4.312795121988514
00899-58NLZxWBSpk_2,-4.903245,2.8265848,-1.5298117,3.9257969025475457

